timestamp,messages_total,aircraft_tracked,cpu_temp,signal_level,noise_level,peak_signal,max_distance,samples_dropped
timestamp,messages_total,aircraft_tracked,cpu_temp,signal_level,noise_level,peak_signal,max_distance,samples_dropped
2026-02-02T00:00:53.187112+00:00,2691317,7,40.407,-22.2,-40.7,-15.8,0,0
2026-02-02T00:01:53.192102+00:00,2693388,7,40.894,-20.9,-40.3,-14.2,307271,0
2026-02-02T00:02:53.195946+00:00,2695469,6,40.407,-22.6,-40.8,-12.1,302739,0
2026-02-02T00:03:53.200528+00:00,2697505,6,40.407,-22.3,-40.5,-14.1,291830,0
2026-02-02T00:04:53.204743+00:00,2699575,5,40.407,-23.2,-40.6,-14.8,281209,0
2026-02-02T00:05:53.215296+00:00,2701548,6,40.407,-23.2,-40.7,-14.0,296297,0
2026-02-02T00:06:53.220693+00:00,2703565,6,40.407,-24.6,-41.0,-16.5,292471,0
2026-02-02T00:07:53.225862+00:00,2705516,5,41.381,-23.2,-41.0,-17.3,281615,0
2026-02-02T00:08:53.230494+00:00,2707287,6,39.92,-21.2,-40.8,-15.3,273336,0
2026-02-02T00:09:53.236379+00:00,2709022,6,39.92,-21.4,-40.9,-14.6,265992,0
2026-02-02T00:10:53.240301+00:00,2710728,7,40.407,-23.0,-41.1,-16.1,257094,0
2026-02-02T00:11:53.245809+00:00,2712478,7,40.407,-25.6,-41.4,-18.8,248561,0
2026-02-02T00:12:53.249683+00:00,2714270,7,39.92,-25.3,-41.4,-20.2,240834,0
2026-02-02T00:13:53.254348+00:00,2716111,7,40.407,-24.5,-41.3,-17.9,230991,0
2026-02-02T00:14:53.258446+00:00,2717873,6,40.894,-23.1,-41.2,-16.3,104172,0
2026-02-02T00:15:53.263484+00:00,2719631,6,40.894,-21.9,-41.0,-15.8,94350,0
2026-02-02T00:16:53.268678+00:00,2721400,6,40.894,-20.5,-40.9,-15.6,0,0
2026-02-02T00:17:53.273484+00:00,2723259,6,40.894,-20.4,-40.8,-14.6,75112,0
2026-02-02T00:18:53.277479+00:00,2725169,6,40.894,-21.0,-40.9,-15.6,67235,0
2026-02-02T00:19:53.282589+00:00,2727074,5,40.407,-20.9,-40.7,-15.1,59896,0
2026-02-02T00:20:53.286461+00:00,2729091,5,40.894,-21.2,-40.8,-16.0,52251,0
2026-02-02T00:21:53.290705+00:00,2731226,5,40.407,-20.9,-40.6,-16.2,44858,0
2026-02-02T00:22:53.294709+00:00,2733370,4,41.868,-20.5,-40.5,-14.7,38628,0
2026-02-02T00:23:53.304152+00:00,2735499,5,40.894,-21.7,-40.7,-16.7,33604,0
2026-02-02T00:24:53.308190+00:00,2737585,5,40.894,-21.5,-40.8,-16.7,29214,0
2026-02-02T00:25:53.313213+00:00,2739675,5,40.407,-22.2,-40.8,-17.5,25288,0
2026-02-02T00:26:53.317212+00:00,2741740,5,41.381,-22.9,-40.9,-18.3,0,0
2026-02-02T00:27:53.323667+00:00,2743730,3,40.894,-24.5,-41.2,-18.4,0,0
2026-02-02T00:28:53.327573+00:00,2745636,3,40.407,-24.6,-41.1,-17.5,0,0
2026-02-02T00:29:53.332990+00:00,2747544,5,40.407,-25.8,-41.3,-20.4,266146,0
2026-02-02T00:30:53.336890+00:00,2749599,5,40.894,-27.1,-41.4,-21.0,243200,0
2026-02-02T00:31:53.342833+00:00,2751588,4,40.894,-27.8,-41.4,-21.5,243051,0
2026-02-02T00:32:53.346782+00:00,2753573,4,40.407,-27.5,-41.2,-21.6,0,0
2026-02-02T00:33:53.353311+00:00,2755450,5,40.407,-27.0,-41.5,-20.0,0,0
2026-02-02T00:34:53.357284+00:00,2757145,4,39.92,-26.2,-41.5,-20.9,0,0
2026-02-02T00:35:53.362370+00:00,2758591,4,39.92,-22.1,-41.4,-17.1,0,0
2026-02-02T00:36:53.366293+00:00,2759958,5,40.894,-19.8,-41.2,-15.0,0,0
2026-02-02T00:37:53.374578+00:00,2761272,3,40.407,-19.8,-41.4,-14.7,0,0
2026-02-02T00:38:53.378897+00:00,2762598,5,40.407,-19.2,-41.4,-14.6,0,0
2026-02-02T00:39:53.383313+00:00,2764021,5,39.92,-20.6,-41.4,-15.5,0,0
2026-02-02T00:40:53.387403+00:00,2765475,4,40.894,-20.2,-41.4,-14.3,0,0
2026-02-02T00:41:53.391279+00:00,2766935,4,39.92,-19.8,-41.3,-14.5,0,0
2026-02-02T00:42:53.395389+00:00,2768478,4,39.92,-21.5,-41.5,-16.1,0,0
2026-02-02T00:43:53.402404+00:00,2770078,4,40.407,-24.5,-41.6,-14.8,0,0
2026-02-02T00:44:53.406817+00:00,2771821,5,40.894,-23.6,-41.5,-17.4,0,0
2026-02-02T00:45:53.414920+00:00,2773440,4,41.381,-25.7,-41.6,-17.8,0,0
2026-02-02T00:46:53.419106+00:00,2775004,4,40.407,-26.2,-41.7,-21.0,0,0
2026-02-02T00:47:53.423644+00:00,2776743,4,40.407,-22.9,-41.6,-18.3,18649,0
2026-02-02T00:48:53.427642+00:00,2778411,5,41.381,-21.6,-41.4,-16.4,21914,0
2026-02-02T00:49:53.432862+00:00,2779969,5,39.92,-21.7,-41.5,-17.4,303215,0
2026-02-02T00:50:53.436735+00:00,2781695,4,40.407,-23.7,-41.6,-19.5,294884,0
2026-02-02T00:51:53.443466+00:00,2783453,3,40.407,-23.3,-41.6,-18.7,286058,0
2026-02-02T00:52:53.447451+00:00,2785404,3,39.92,-23.7,-41.6,-19.2,0,0
2026-02-02T00:53:53.451901+00:00,2787133,3,40.407,-23.6,-41.5,-19.6,0,0
2026-02-02T00:54:53.458783+00:00,2788718,3,40.407,-26.4,-41.7,-20.6,0,0
2026-02-02T00:55:53.468952+00:00,2790477,3,40.407,-26.8,-41.7,-21.1,0,0
2026-02-02T00:56:53.472883+00:00,2791861,3,39.92,-24.7,-41.6,-17.6,0,0
2026-02-02T00:57:53.477494+00:00,2792886,3,40.407,-23.2,-41.6,-17.4,0,0
2026-02-02T00:58:53.481942+00:00,2793835,4,40.407,-22.5,-41.6,-18.1,0,0
2026-02-02T00:59:53.486411+00:00,2794909,3,40.894,-23.7,-41.5,-19.3,0,0
2026-02-02T01:00:53.490368+00:00,2795954,4,40.407,-25.8,-41.6,-21.4,0,0
2026-02-02T01:01:53.495139+00:00,2797192,4,40.894,-25.5,-41.5,-20.4,0,0
2026-02-02T01:02:53.499074+00:00,2798639,4,39.433,-26.8,-41.5,-20.1,0,0
2026-02-02T01:03:53.503584+00:00,2800260,4,39.433,-25.7,-41.5,-20.2,0,0
2026-02-02T01:04:53.507767+00:00,2801937,4,39.92,-23.4,-41.3,-16.5,0,0
2026-02-02T01:05:53.516114+00:00,2803737,4,39.92,-22.9,-41.3,-15.1,0,0
2026-02-02T01:06:53.520123+00:00,2805591,4,40.407,-22.6,-41.2,-14.7,0,0
2026-02-02T01:07:53.527847+00:00,2807373,4,40.407,-23.1,-41.3,-17.0,0,0
2026-02-02T01:08:53.532080+00:00,2809116,4,40.407,-24.1,-41.4,-18.0,0,0
2026-02-02T01:09:53.538010+00:00,2810977,4,39.92,-24.6,-41.4,-19.1,0,0
2026-02-02T01:10:53.541951+00:00,2812937,4,39.433,-23.5,-41.3,-19.0,0,0
2026-02-02T01:11:53.546447+00:00,2814822,4,40.894,-24.3,-41.5,-19.2,0,0
2026-02-02T01:12:53.550297+00:00,2816704,4,40.407,-24.0,-41.4,-19.2,0,0
2026-02-02T01:13:53.555025+00:00,2818407,4,39.92,-24.2,-41.6,-19.7,0,0
2026-02-02T01:14:53.559066+00:00,2819936,4,39.92,-26.1,-41.6,-19.9,0,0
2026-02-02T01:15:53.564324+00:00,2821507,4,39.92,-26.8,-41.6,-21.4,0,0
2026-02-02T01:16:53.571180+00:00,2822722,5,39.92,-28.4,-41.5,-21.0,0,0
2026-02-02T01:17:53.575690+00:00,2824125,5,39.92,-27.8,-41.3,-20.9,0,0
2026-02-02T01:18:53.580509+00:00,2825531,5,40.407,-27.7,-41.3,-20.1,0,0
2026-02-02T01:19:53.587835+00:00,2826705,5,39.433,-26.6,-41.5,-19.2,0,0
2026-02-02T01:20:53.591977+00:00,2827953,5,40.407,-24.7,-41.5,-17.8,0,0
2026-02-02T01:21:53.596438+00:00,2829203,4,39.433,-22.3,-41.5,-18.5,0,0
2026-02-02T01:22:53.602626+00:00,2830395,5,39.92,-20.6,-41.3,-15.2,0,0
2026-02-02T01:23:53.607427+00:00,2831581,6,39.92,-19.3,-41.1,-13.4,0,0
2026-02-02T01:24:53.611343+00:00,2832827,5,39.92,-19.7,-41.2,-14.5,0,0
2026-02-02T01:25:53.615696+00:00,2834457,5,39.92,-24.0,-41.3,-16.2,38772,0
2026-02-02T01:26:53.619637+00:00,2836168,5,40.894,-24.3,-41.4,-17.5,39618,0
2026-02-02T01:27:53.629610+00:00,2837988,5,39.92,-24.1,-41.4,-14.0,38360,0
2026-02-02T01:28:53.633579+00:00,2839826,5,39.92,-23.6,-41.3,-12.8,35903,0
2026-02-02T01:29:53.638446+00:00,2841546,6,39.92,-22.3,-41.3,-9.6,31511,0
2026-02-02T01:30:53.642436+00:00,2843188,6,40.407,-20.2,-41.1,-7.3,30305,0
2026-02-02T01:31:53.646910+00:00,2844672,6,39.92,-16.6,-40.2,-1.8,29957,0
2026-02-02T01:32:53.650835+00:00,2846101,5,39.92,-13.4,-38.5,-0.8,29204,0
2026-02-02T01:33:53.655318+00:00,2847503,5,39.92,-14.9,-39.4,-1.1,28613,0
2026-02-02T01:34:53.659349+00:00,2848935,4,39.92,-17.4,-40.6,-3.0,0,0
2026-02-02T01:35:53.664258+00:00,2850407,5,40.894,-20.8,-41.4,-6.3,0,0
2026-02-02T01:36:53.668469+00:00,2851879,5,40.894,-21.2,-41.5,-17.7,0,0
2026-02-02T01:37:53.673468+00:00,2853314,6,39.433,-21.3,-41.5,-16.6,19071,0
2026-02-02T01:38:53.677494+00:00,2855089,5,40.407,-26.4,-41.7,-20.8,17031,0
2026-02-02T01:39:53.682443+00:00,2856876,3,39.92,-27.1,-41.7,-20.1,0,0
2026-02-02T01:40:53.687416+00:00,2858574,3,39.92,-28.5,-41.7,-21.5,0,0
2026-02-02T01:41:53.691789+00:00,2859889,3,39.92,-28.7,-41.7,-22.1,0,0
2026-02-02T01:42:53.695762+00:00,2860977,4,39.92,-29.5,-41.7,-22.2,0,0
2026-02-02T01:43:53.701118+00:00,2862031,4,40.407,-30.2,-41.7,-22.3,0,0
2026-02-02T01:44:53.705569+00:00,2863169,4,40.407,-30.4,-41.7,-22.3,0,0
2026-02-02T01:45:53.710469+00:00,2864682,4,40.894,-28.4,-41.7,-22.5,0,0
2026-02-02T01:46:53.714458+00:00,2866090,4,40.407,-27.9,-41.7,-22.6,0,0
2026-02-02T01:47:53.719908+00:00,2867546,3,40.407,-28.5,-41.6,-22.4,0,0
2026-02-02T01:48:53.724113+00:00,2869172,3,39.433,-27.7,-41.5,-21.7,0,0
2026-02-02T01:49:53.728381+00:00,2870906,3,39.92,-27.7,-41.5,-22.3,0,0
2026-02-02T01:50:53.732547+00:00,2872578,4,39.92,-28.9,-41.6,-22.2,0,0
2026-02-02T01:51:53.736999+00:00,2873922,4,40.407,-26.6,-41.4,-21.7,0,0
2026-02-02T01:52:53.741234+00:00,2875339,4,40.894,-26.8,-41.4,-20.9,0,0
2026-02-02T01:53:53.746096+00:00,2877095,5,40.894,-25.1,-41.1,-19.5,0,0
2026-02-02T01:54:53.750170+00:00,2878650,4,39.92,-26.1,-41.2,-20.2,0,0
2026-02-02T01:55:53.754571+00:00,2880364,6,39.92,-24.7,-40.9,-18.4,0,0
2026-02-02T01:56:53.758552+00:00,2882131,6,40.407,-24.9,-40.9,-16.1,0,0
2026-02-02T01:57:53.763975+00:00,2884061,6,40.894,-23.6,-40.7,-16.0,0,0
2026-02-02T01:58:53.767841+00:00,2885981,7,41.381,-21.7,-40.2,-14.4,0,0
2026-02-02T01:59:53.772404+00:00,2888054,7,40.894,-21.2,-39.5,-12.4,0,0
2026-02-02T02:00:53.776558+00:00,2890128,8,40.407,-22.4,-39.6,-14.0,151635,0
2026-02-02T02:01:53.781024+00:00,2892258,9,38.946,-21.7,-39.8,-12.9,0,0
2026-02-02T02:02:53.784853+00:00,2894362,9,40.407,-21.8,-39.3,-12.1,0,0
2026-02-02T02:03:53.789525+00:00,2896502,10,40.407,-22.1,-38.6,-13.4,0,0
2026-02-02T02:04:53.793864+00:00,2898658,10,39.92,-21.7,-38.4,-12.8,237591,0
2026-02-02T02:05:53.798894+00:00,2900801,10,39.92,-21.6,-38.2,-14.3,230445,0
2026-02-02T02:06:53.802792+00:00,2902964,11,40.407,-22.0,-38.0,-14.4,217324,0
2026-02-02T02:07:53.807948+00:00,2905139,12,39.433,-22.0,-38.4,-14.8,203348,0
2026-02-02T02:08:53.812053+00:00,2907315,13,39.92,-22.4,-39.1,-14.1,190175,0
2026-02-02T02:09:53.816609+00:00,2909494,13,40.407,-22.0,-38.4,-14.0,176688,0
2026-02-02T02:10:53.820741+00:00,2911681,13,39.92,-21.7,-38.1,-13.1,163711,0
2026-02-02T02:11:53.825678+00:00,2913862,13,40.407,-20.0,-37.3,-10.3,151302,0
2026-02-02T02:12:53.829585+00:00,2916045,13,41.381,-20.1,-37.7,-11.9,139657,0
2026-02-02T02:13:53.834454+00:00,2918232,13,40.894,-20.3,-37.9,-10.0,128427,0
2026-02-02T02:14:53.838426+00:00,2920420,13,40.894,-20.2,-37.8,-10.6,117610,0
2026-02-02T02:15:53.843162+00:00,2922602,12,40.407,-19.6,-37.4,-9.6,106830,0
2026-02-02T02:16:53.847452+00:00,2924781,12,40.407,-20.3,-37.9,-10.1,92096,0
2026-02-02T02:17:53.852733+00:00,2926955,12,40.894,-20.7,-38.3,-10.0,86865,0
2026-02-02T02:18:53.856640+00:00,2929125,12,40.407,-20.7,-38.6,-12.8,78044,0
2026-02-02T02:19:53.861949+00:00,2931280,12,39.92,-21.2,-38.9,-11.5,68388,0
2026-02-02T02:20:53.866807+00:00,2933443,12,40.407,-20.7,-38.5,-12.7,0,0
2026-02-02T02:21:53.871287+00:00,2935615,13,39.92,-20.4,-38.2,-13.1,53177,0
2026-02-02T02:22:53.875358+00:00,2937787,13,39.433,-20.7,-38.5,-14.3,47442,0
2026-02-02T02:23:53.880162+00:00,2939937,13,40.894,-21.0,-39.2,-13.9,40663,0
2026-02-02T02:24:53.884103+00:00,2942085,13,40.894,-20.8,-39.1,-13.2,34599,0
2026-02-02T02:25:53.888687+00:00,2944224,14,39.433,-20.7,-39.0,-12.7,30012,0
2026-02-02T02:26:53.892732+00:00,2946349,13,41.381,-22.0,-39.6,-13.0,25988,0
2026-02-02T02:27:53.897356+00:00,2948484,13,40.407,-20.8,-39.2,-11.0,21570,0
2026-02-02T02:28:53.901408+00:00,2950617,11,40.407,-18.5,-38.3,-7.6,0,0
2026-02-02T02:29:53.907019+00:00,2952738,11,39.92,-16.8,-37.5,-5.3,37784,0
2026-02-02T02:30:53.911165+00:00,2954881,12,41.381,-15.9,-37.1,-3.9,38495,0
2026-02-02T02:31:53.915705+00:00,2957013,12,40.894,-16.7,-37.4,-4.5,39591,0
2026-02-02T02:32:53.919980+00:00,2959135,12,40.894,-16.2,-37.4,-4.5,38825,0
2026-02-02T02:33:53.924602+00:00,2961235,9,39.92,-16.2,-37.8,-5.2,36415,0
2026-02-02T02:34:53.929996+00:00,2963359,11,40.407,-17.1,-37.4,-4.5,31406,0
2026-02-02T02:35:53.934427+00:00,2965503,13,40.407,-17.4,-37.5,-5.6,27158,0
2026-02-02T02:36:53.938349+00:00,2967654,13,40.407,-19.8,-38.3,-6.8,23704,0
2026-02-02T02:37:53.943206+00:00,2969802,11,40.407,-20.8,-38.7,-12.6,0,0
2026-02-02T02:38:53.947187+00:00,2971973,10,39.433,-21.2,-38.6,-12.3,0,0
2026-02-02T02:39:53.951924+00:00,2974123,11,40.894,-21.0,-38.4,-12.0,0,0
2026-02-02T02:40:53.956208+00:00,2976288,10,40.407,-20.6,-38.2,-12.0,0,0
2026-02-02T02:41:53.963756+00:00,2978448,10,40.407,-21.2,-38.5,-13.1,0,0
2026-02-02T02:42:53.970296+00:00,2980622,10,40.407,-21.6,-38.3,-13.0,0,0
2026-02-02T02:43:53.975194+00:00,2982787,11,39.433,-22.0,-39.3,-13.1,0,0
2026-02-02T02:44:53.979144+00:00,2984966,11,39.92,-22.1,-38.7,-13.1,0,0
2026-02-02T02:45:53.983976+00:00,2987146,11,41.381,-22.3,-38.9,-13.9,0,0
2026-02-02T02:46:53.987981+00:00,2989322,11,40.894,-21.0,-38.5,-11.1,183937,0
2026-02-02T02:47:53.992675+00:00,2991496,12,40.894,-21.6,-38.8,-12.8,195003,0
2026-02-02T02:48:53.996632+00:00,2993670,11,39.92,-21.1,-38.7,-12.4,200268,0
2026-02-02T02:49:54.001494+00:00,2995851,11,39.433,-21.2,-38.5,-12.3,0,0
2026-02-02T02:50:54.005927+00:00,2998028,11,39.92,-21.2,-38.7,-10.0,0,0
2026-02-02T02:51:54.010919+00:00,3000212,11,39.433,-21.3,-39.0,-13.7,0,0
2026-02-02T02:52:54.015311+00:00,3002394,11,39.92,-21.6,-38.9,-13.5,0,0
2026-02-02T02:53:54.020328+00:00,3004581,11,40.407,-21.5,-38.7,-14.0,0,0
2026-02-02T02:54:54.025499+00:00,3006764,11,40.407,-20.7,-38.3,-13.5,0,0
2026-02-02T02:55:54.032719+00:00,3008931,11,40.894,-21.3,-39.2,-13.0,0,0
2026-02-02T02:56:54.038951+00:00,3011092,10,40.407,-21.4,-39.3,-13.0,0,0
2026-02-02T02:57:54.044270+00:00,3013250,10,40.407,-21.3,-39.2,-13.5,0,0
2026-02-02T02:58:54.048969+00:00,3015407,9,41.381,-21.3,-38.8,-14.8,0,0
2026-02-02T02:59:54.053935+00:00,3017571,11,40.407,-20.3,-39.3,-12.5,0,0
2026-02-02T03:00:54.058742+00:00,3019728,11,39.92,-21.0,-39.3,-14.3,0,0
2026-02-02T03:01:54.063861+00:00,3021897,9,40.894,-20.7,-39.1,-12.0,0,0
2026-02-02T03:02:54.068950+00:00,3024075,9,40.407,-20.6,-39.1,-12.3,313262,0
2026-02-02T03:03:54.074572+00:00,3026235,11,39.92,-20.8,-39.2,-11.3,313100,0
2026-02-02T03:04:54.079139+00:00,3028406,12,40.894,-20.8,-39.4,-12.8,0,0
2026-02-02T03:05:54.084508+00:00,3030562,11,40.894,-22.4,-39.8,-14.5,0,0
2026-02-02T03:06:54.089058+00:00,3032718,13,40.894,-22.4,-39.8,-15.1,0,0
2026-02-02T03:07:54.094691+00:00,3034862,13,41.381,-22.9,-39.9,-15.3,0,0
2026-02-02T03:08:54.098998+00:00,3037024,14,40.407,-22.4,-38.1,-1.4,0,0
2026-02-02T03:09:54.103269+00:00,3039184,14,40.407,-21.3,-37.3,-1.0,0,0
2026-02-02T03:10:54.107525+00:00,3041353,14,40.407,-21.2,-38.1,-1.5,0,0
2026-02-02T03:11:54.112484+00:00,3043499,14,39.92,-22.1,-39.0,-2.0,0,0
2026-02-02T03:12:54.117947+00:00,3045644,12,39.433,-22.9,-39.6,-4.1,0,0
2026-02-02T03:13:54.123750+00:00,3047796,12,41.381,-23.4,-39.9,-5.6,0,0
2026-02-02T03:14:54.240909+00:00,3049942,13,40.407,-23.5,-40.2,-7.4,0,0
2026-02-02T03:15:54.246243+00:00,3052098,12,39.92,-22.5,-40.0,-10.3,221602,0
2026-02-02T03:16:54.250942+00:00,3054267,13,41.381,-22.6,-40.0,-13.3,206704,0
2026-02-02T03:17:54.255653+00:00,3056437,12,41.381,-21.7,-39.6,-13.1,0,0
2026-02-02T03:18:54.260407+00:00,3058578,11,41.381,-21.0,-39.7,-13.8,0,0
2026-02-02T03:19:54.265698+00:00,3060721,11,40.894,-20.7,-39.6,-12.5,0,0
2026-02-02T03:20:54.269919+00:00,3062843,10,39.92,-20.2,-39.4,-14.7,0,0
2026-02-02T03:21:54.275408+00:00,3064989,11,40.407,-20.6,-39.8,-14.3,0,0
2026-02-02T03:22:54.279259+00:00,3067104,10,40.894,-19.8,-39.5,-13.0,0,0
2026-02-02T03:23:54.285618+00:00,3069208,9,40.894,-20.6,-39.9,-14.4,0,0
2026-02-02T03:24:54.289535+00:00,3071292,11,40.407,-20.7,-39.9,-14.0,0,0
2026-02-02T03:25:54.294400+00:00,3073363,10,41.381,-21.2,-40.3,-14.0,97501,0
2026-02-02T03:26:54.301637+00:00,3075352,10,39.92,-22.1,-40.5,-14.9,285323,0
2026-02-02T03:27:54.306053+00:00,3077349,10,41.381,-21.5,-40.3,-13.5,273120,0
2026-02-02T03:28:54.310223+00:00,3079307,11,41.381,-22.3,-40.6,-14.6,258179,0
2026-02-02T03:29:54.315739+00:00,3081257,11,40.407,-22.6,-40.7,-15.2,105631,0
2026-02-02T03:30:54.321519+00:00,3083169,11,40.407,-22.2,-40.5,-14.2,228872,0
2026-02-02T03:31:54.326066+00:00,3085090,11,40.407,-23.0,-40.7,-13.1,218452,0
2026-02-02T03:32:54.331094+00:00,3086983,10,39.92,-23.9,-40.8,-13.6,212664,0
2026-02-02T03:33:54.343615+00:00,3088788,10,39.92,-24.9,-41.1,-13.6,203105,0
2026-02-02T03:34:54.347929+00:00,3090533,9,40.894,-24.5,-41.2,-14.2,191184,0
2026-02-02T03:35:54.352532+00:00,3092112,9,40.894,-22.3,-41.1,-12.6,183322,0
2026-02-02T03:36:54.356507+00:00,3093774,7,40.407,-22.9,-41.2,-15.5,169510,0
2026-02-02T03:37:54.369502+00:00,3095276,7,40.407,-23.4,-41.3,-13.4,38116,0
2026-02-02T03:38:54.374529+00:00,3096574,7,39.92,-23.3,-41.4,-15.9,155771,0
2026-02-02T03:39:54.380225+00:00,3097692,4,40.407,-24.5,-41.6,-17.0,28768,0
2026-02-02T03:40:54.384166+00:00,3098567,4,40.407,-26.2,-41.7,-19.8,25136,0
2026-02-02T03:41:54.388970+00:00,3099029,3,39.92,-27.8,-41.8,-22.5,21598,0
2026-02-02T03:42:54.392923+00:00,3099313,3,40.407,-26.7,-41.8,-22.1,0,0
2026-02-02T03:43:54.397835+00:00,3099833,5,39.92,-27.9,-41.8,-21.8,0,0
2026-02-02T03:44:54.411427+00:00,3100566,6,40.894,-27.7,-41.8,-22.1,0,0
2026-02-02T03:45:54.416236+00:00,3101342,5,40.894,-28.3,-41.7,-22.5,126542,0
2026-02-02T03:46:54.420248+00:00,3102239,5,39.92,-29.2,-41.7,-22.4,136286,0
2026-02-02T03:47:54.472277+00:00,3103404,6,40.407,-21.6,-41.2,-7.5,17043,0
2026-02-02T03:48:54.476344+00:00,3104991,8,40.407,-17.1,-40.1,-2.2,110768,0
2026-02-02T03:49:54.481184+00:00,3106572,7,40.894,-13.1,-38.8,-1.5,11092,0
2026-02-02T03:50:54.485878+00:00,3108267,8,40.407,-10.8,-35.1,-1.0,212464,0
2026-02-02T03:51:54.491261+00:00,3110073,9,39.92,-10.7,-35.6,-1.6,211338,0
2026-02-02T03:52:54.496621+00:00,3111846,9,40.407,-12.5,-36.7,-2.2,0,0
2026-02-02T03:53:54.501716+00:00,3113735,10,40.894,-16.8,-38.5,-3.6,0,0
2026-02-02T03:54:54.506270+00:00,3115595,8,40.407,-17.4,-38.7,-6.8,0,0
2026-02-02T03:55:54.510555+00:00,3117547,9,41.381,-17.6,-38.5,-7.1,16569,0
2026-02-02T03:56:54.514513+00:00,3119583,10,40.894,-15.5,-37.8,-1.2,13795,0
2026-02-02T03:57:54.519164+00:00,3121639,12,39.92,-15.2,-37.6,-0.8,156627,0
2026-02-02T03:58:54.523239+00:00,3123724,10,40.894,-20.7,-39.4,-5.0,159775,0
2026-02-02T03:59:54.561667+00:00,3125826,12,40.407,-21.2,-39.6,-5.3,163592,0
2026-02-02T04:00:54.566025+00:00,3127906,13,40.407,-21.1,-39.6,-9.7,168456,0
2026-02-02T04:01:54.570325+00:00,3129973,13,40.894,-21.8,-39.8,-14.3,174296,0
2026-02-02T04:02:54.576003+00:00,3132091,13,39.433,-21.6,-39.6,-13.9,181107,0
2026-02-02T04:03:54.581038+00:00,3134197,13,39.433,-21.8,-39.7,-12.8,188859,0
2026-02-02T04:04:54.586308+00:00,3136302,15,40.407,-21.8,-39.6,-13.4,196060,0
2026-02-02T04:05:54.590773+00:00,3138434,15,39.92,-21.5,-39.6,-11.0,203134,0
2026-02-02T04:06:54.594865+00:00,3140546,15,39.92,-21.7,-39.6,-12.0,213581,0
2026-02-02T04:07:54.599218+00:00,3142662,14,39.92,-21.2,-39.1,-13.3,225871,0
2026-02-02T04:08:54.603138+00:00,3144770,15,40.894,-20.5,-39.0,-12.9,239022,0
2026-02-02T04:09:54.607946+00:00,3146845,15,40.894,-21.4,-39.4,-13.6,251677,0
2026-02-02T04:10:54.611952+00:00,3148940,17,40.894,-21.1,-39.3,-12.6,264332,0
2026-02-02T04:11:54.617602+00:00,3151009,16,40.407,-21.5,-39.5,-12.3,274520,0
2026-02-02T04:12:54.621563+00:00,3153037,15,40.894,-21.6,-39.9,-12.6,159799,0
2026-02-02T04:13:54.628937+00:00,3155033,15,40.407,-20.8,-39.8,-12.9,153626,0
2026-02-02T04:14:54.632907+00:00,3157103,14,39.92,-22.1,-40.1,-13.3,144821,0
2026-02-02T04:15:54.638688+00:00,3159154,14,39.92,-22.0,-40.2,-14.6,135354,0
2026-02-02T04:16:54.642726+00:00,3161252,14,39.92,-23.2,-40.3,-15.4,32528,0
2026-02-02T04:17:54.650459+00:00,3163345,13,40.407,-23.0,-40.2,-12.6,33310,0
2026-02-02T04:18:54.654512+00:00,3165410,13,40.407,-22.5,-40.1,-14.2,32474,0
2026-02-02T04:19:54.662761+00:00,3167407,12,40.894,-22.4,-40.3,-11.0,32557,0
2026-02-02T04:20:54.666770+00:00,3169426,12,40.407,-21.2,-40.0,-9.9,33015,0
2026-02-02T04:21:54.673832+00:00,3171481,12,40.407,-21.4,-39.9,-10.4,189726,0
2026-02-02T04:22:54.677812+00:00,3173527,12,39.92,-20.6,-39.8,-10.8,187902,0
2026-02-02T04:23:54.682632+00:00,3175580,12,39.92,-18.4,-39.3,-6.0,117057,0
2026-02-02T04:24:54.689452+00:00,3177631,12,39.92,-17.5,-38.7,-4.3,166219,0
2026-02-02T04:25:54.693982+00:00,3179687,13,40.407,-18.0,-39.1,-6.8,160930,0
2026-02-02T04:26:54.698548+00:00,3181689,12,39.92,-16.6,-38.7,-5.5,151788,0
2026-02-02T04:27:54.705979+00:00,3183717,12,39.433,-13.8,-37.0,-2.9,142218,0
2026-02-02T04:28:54.710574+00:00,3185692,13,40.894,-12.5,-36.4,-1.5,65877,0
2026-02-02T04:29:54.715277+00:00,3187723,13,39.433,-12.5,-35.5,-1.0,63584,0
2026-02-02T04:30:54.719258+00:00,3189702,13,40.407,-12.1,-35.6,-1.0,55027,0
2026-02-02T04:31:54.723626+00:00,3191743,13,40.407,-13.4,-36.7,-1.6,187504,0
2026-02-02T04:32:54.727774+00:00,3193771,13,39.92,-16.6,-39.2,-3.5,199407,0
2026-02-02T04:33:54.732435+00:00,3195772,11,39.92,-18.6,-40.1,-9.4,211202,0
2026-02-02T04:34:54.739085+00:00,3197758,11,40.407,-18.8,-40.0,-8.5,222398,0
2026-02-02T04:35:54.743963+00:00,3199653,11,40.407,-21.2,-40.7,-13.3,233215,0
2026-02-02T04:36:54.747901+00:00,3201518,12,39.433,-21.4,-40.9,-9.3,244792,0
2026-02-02T04:37:54.752818+00:00,3203354,11,40.407,-18.2,-39.6,-3.4,261564,0
2026-02-02T04:38:54.756729+00:00,3205119,12,40.894,-14.2,-38.7,-1.4,266083,0
2026-02-02T04:39:54.761093+00:00,3206871,10,39.92,-14.8,-39.5,-1.0,279610,0
2026-02-02T04:40:54.765045+00:00,3208582,10,40.407,-11.0,-35.8,-1.0,288696,0
2026-02-02T04:41:54.771792+00:00,3210138,8,40.894,-11.5,-36.9,-1.3,141165,0
2026-02-02T04:42:54.775666+00:00,3211546,8,40.407,-14.4,-39.2,-3.8,150829,0
2026-02-02T04:43:54.780323+00:00,3212927,7,40.407,-17.1,-40.5,-9.2,161355,0
2026-02-02T04:44:54.784411+00:00,3214105,7,39.92,-16.4,-40.5,-8.4,172655,0
2026-02-02T04:45:54.788909+00:00,3215306,6,39.92,-19.3,-41.1,-12.9,183983,0
2026-02-02T04:46:54.792846+00:00,3216506,5,40.407,-22.5,-41.5,-16.9,194196,0
2026-02-02T04:47:54.797780+00:00,3217747,5,40.407,-22.0,-41.4,-15.7,206848,0
2026-02-02T04:48:54.803814+00:00,3219066,6,39.433,-24.5,-41.5,-16.9,218790,0
2026-02-02T04:49:54.808190+00:00,3220399,6,39.92,-24.5,-41.5,-16.6,231057,0
2026-02-02T04:50:54.812178+00:00,3221778,5,40.894,-24.4,-41.5,-15.8,238960,0
2026-02-02T04:51:54.817308+00:00,3223245,5,40.894,-23.4,-41.5,-17.2,252605,0
2026-02-02T04:52:54.821359+00:00,3224704,5,39.433,-23.5,-41.5,-19.7,259508,0
2026-02-02T04:53:54.826358+00:00,3226074,5,39.92,-23.0,-41.4,-19.4,0,0
2026-02-02T04:54:54.830468+00:00,3227528,6,39.433,-23.7,-41.4,-18.9,293436,0
2026-02-02T04:55:54.834800+00:00,3228997,5,39.92,-25.0,-41.5,-19.5,127042,0
2026-02-02T04:56:54.838715+00:00,3230787,6,40.894,-27.2,-41.5,-20.9,134887,0
2026-02-02T04:57:54.843492+00:00,3232665,7,39.433,-24.5,-41.2,-16.8,317907,0
2026-02-02T04:58:54.847951+00:00,3234547,7,40.407,-24.3,-41.3,-16.5,311123,0
2026-02-02T04:59:54.852518+00:00,3236430,7,39.92,-24.3,-41.3,-16.9,302071,0
2026-02-02T05:00:54.856471+00:00,3238356,7,40.407,-23.0,-40.9,-12.6,289276,0
2026-02-02T05:01:54.862134+00:00,3240322,8,40.894,-19.0,-39.9,-1.1,186867,0
2026-02-02T05:02:54.866410+00:00,3242229,8,40.407,-15.2,-38.0,-1.4,195948,0
2026-02-02T05:03:54.871376+00:00,3244123,9,39.92,-13.6,-37.0,-1.1,209745,0
2026-02-02T05:04:54.875698+00:00,3246115,9,40.407,-14.8,-37.2,-1.6,222744,0
2026-02-02T05:05:54.880526+00:00,3248076,9,39.92,-15.8,-37.8,-3.1,236514,0
2026-02-02T05:06:54.884686+00:00,3249901,9,40.407,-14.8,-37.7,-5.8,248336,0
2026-02-02T05:07:54.889709+00:00,3251758,9,40.894,-13.7,-37.3,-6.1,160855,0
2026-02-02T05:08:54.896202+00:00,3253645,10,39.92,-12.8,-36.9,-4.3,171122,0
2026-02-02T05:09:54.901893+00:00,3255522,9,39.433,-13.5,-37.1,-5.3,181606,0
2026-02-02T05:10:54.905862+00:00,3257310,9,39.433,-11.4,-36.0,-4.2,192867,0
2026-02-02T05:11:54.910647+00:00,3259205,9,39.92,-13.3,-36.9,-4.5,204273,0
2026-02-02T05:12:54.914653+00:00,3261133,11,40.407,-16.0,-38.8,-6.5,209927,0
2026-02-02T05:13:54.919362+00:00,3263056,10,39.92,-16.5,-38.3,-4.1,223504,0
2026-02-02T05:14:54.923822+00:00,3264975,11,39.92,-13.6,-36.5,-1.9,129023,0
2026-02-02T05:15:54.928356+00:00,3266967,12,39.92,-12.2,-35.4,-1.4,247401,0
2026-02-02T05:16:54.932393+00:00,3268990,12,40.407,-11.7,-35.1,-1.3,150859,0
2026-02-02T05:17:54.936853+00:00,3271059,12,40.894,-11.0,-34.1,-1.8,137609,0
2026-02-02T05:18:54.943095+00:00,3273135,13,39.433,-11.4,-34.1,-2.3,184495,0
2026-02-02T05:19:54.947828+00:00,3275154,13,39.92,-11.7,-34.9,-2.5,158399,0
2026-02-02T05:20:54.951934+00:00,3277211,12,40.894,-10.4,-32.8,-1.0,209173,0
2026-02-02T05:21:54.956563+00:00,3279271,13,39.92,-9.6,-31.7,-1.0,181847,0
2026-02-02T05:22:54.963046+00:00,3281358,14,40.407,-10.6,-31.5,-0.8,194331,0
2026-02-02T05:23:54.967657+00:00,3283498,13,40.407,-10.6,-32.1,-1.2,207018,0
2026-02-02T05:24:54.971742+00:00,3285639,13,38.946,-11.5,-33.0,-1.3,220071,0
2026-02-02T05:25:54.976937+00:00,3287784,14,39.92,-13.8,-34.2,-2.2,233528,0
2026-02-02T05:26:54.983305+00:00,3289939,14,39.433,-14.5,-35.1,-2.2,244560,0
2026-02-02T05:27:54.988264+00:00,3292073,14,39.92,-14.8,-36.0,-1.4,260403,0
2026-02-02T05:28:54.994595+00:00,3294212,14,39.92,-14.6,-35.5,-1.3,262787,0
2026-02-02T05:29:54.999252+00:00,3296343,13,40.894,-14.3,-35.8,-1.2,244805,0
2026-02-02T05:30:55.007556+00:00,3298461,13,39.92,-14.7,-36.2,-1.8,33376,0
2026-02-02T05:31:55.011599+00:00,3300580,13,40.407,-15.9,-37.0,-2.7,44335,0
2026-02-02T05:32:55.018199+00:00,3302675,12,40.894,-17.6,-37.8,-6.1,45648,0
2026-02-02T05:33:55.023108+00:00,3304769,12,40.407,-18.7,-38.8,-8.4,35398,0
2026-02-02T05:34:55.027343+00:00,3306809,13,40.407,-21.0,-39.8,-14.5,210526,0
2026-02-02T05:35:55.032491+00:00,3308797,12,40.894,-21.6,-40.0,-12.2,220112,0
2026-02-02T05:36:55.037469+00:00,3310836,13,40.407,-21.5,-39.7,-4.5,239285,0
2026-02-02T05:37:55.042766+00:00,3312764,13,40.407,-15.3,-38.3,-0.9,252454,0
2026-02-02T05:38:55.051313+00:00,3314728,13,40.407,-15.8,-38.1,-1.1,248571,0
2026-02-02T05:39:55.056387+00:00,3316739,14,39.92,-18.2,-39.3,-2.5,273190,0
2026-02-02T05:40:55.061184+00:00,3318768,12,40.407,-17.0,-38.5,-2.1,279652,0
2026-02-02T05:41:55.066675+00:00,3320802,12,41.381,-14.0,-36.6,-1.1,281678,0
2026-02-02T05:42:55.071428+00:00,3322814,12,40.894,-15.2,-36.7,-1.4,266882,0
2026-02-02T05:43:55.076592+00:00,3324889,14,39.92,-13.2,-36.1,-1.4,267976,0
2026-02-02T05:44:55.081109+00:00,3326968,13,39.92,-16.3,-37.1,-1.0,259743,0
2026-02-02T05:45:55.086519+00:00,3328997,15,40.407,-16.7,-37.4,-2.9,247091,0
2026-02-02T05:46:55.090902+00:00,3331039,16,40.407,-16.1,-36.9,-3.2,235729,0
2026-02-02T05:47:55.097208+00:00,3333132,16,39.92,-15.7,-36.8,-1.5,275448,0
2026-02-02T05:48:55.103197+00:00,3335236,16,39.92,-11.6,-31.9,-0.8,286444,0
2026-02-02T05:49:55.110524+00:00,3337355,16,39.92,-12.0,-34.0,-1.3,288649,0
2026-02-02T05:50:55.115700+00:00,3339469,16,40.407,-13.2,-34.6,-1.7,170104,0
2026-02-02T05:51:55.120430+00:00,3341598,16,40.407,-15.0,-36.3,-2.0,179118,0
2026-02-02T05:52:55.124516+00:00,3343701,18,39.92,-15.1,-36.8,-1.6,181080,0
2026-02-02T05:53:55.129686+00:00,3345822,17,40.407,-14.5,-36.2,-1.7,190897,0
2026-02-02T05:54:55.134278+00:00,3347971,18,39.92,-12.4,-32.7,-0.8,202397,0
2026-02-02T05:55:55.140032+00:00,3350132,20,41.381,-10.9,-32.8,-1.0,213775,0
2026-02-02T05:56:55.145079+00:00,3352284,20,40.894,-11.2,-33.5,-1.3,229354,0
2026-02-02T05:57:55.150574+00:00,3354423,21,40.894,-12.4,-34.5,-2.9,259137,0
2026-02-02T05:58:55.154952+00:00,3356589,21,40.894,-14.0,-35.5,-3.3,254282,0
2026-02-02T05:59:55.160203+00:00,3358762,22,40.407,-18.7,-38.0,-7.6,269532,0
2026-02-02T06:00:55.164633+00:00,3360938,23,41.381,-17.8,-37.1,-4.0,283239,0
2026-02-02T06:01:55.169879+00:00,3363108,25,41.381,-16.3,-36.4,-1.7,296666,0
2026-02-02T06:02:55.174987+00:00,3365278,24,40.894,-15.7,-36.4,-1.5,301538,0
2026-02-02T06:03:55.180614+00:00,3367447,22,40.407,-16.5,-36.2,-0.8,271475,0
2026-02-02T06:04:55.185047+00:00,3369625,20,41.381,-15.5,-31.8,-0.8,188601,0
2026-02-02T06:05:55.190099+00:00,3371804,19,41.868,-12.1,-32.9,-0.9,232123,0
2026-02-02T06:06:55.194563+00:00,3373978,21,40.407,-12.5,-34.4,-1.0,262280,0
2026-02-02T06:07:55.199717+00:00,3376145,22,40.894,-14.2,-36.1,-2.9,288981,0
2026-02-02T06:08:55.205275+00:00,3378313,20,40.407,-15.8,-36.5,-3.8,291106,0
2026-02-02T06:09:55.213461+00:00,3380466,19,40.894,-16.9,-37.3,-1.1,220068,0
2026-02-02T06:10:55.217554+00:00,3382594,20,40.407,-15.7,-36.9,-2.4,212736,0
2026-02-02T06:11:55.222550+00:00,3384726,20,40.894,-13.5,-35.4,-1.4,211703,0
2026-02-02T06:12:55.226989+00:00,3386868,18,40.407,-13.4,-35.0,-2.0,230882,0
2026-02-02T06:13:55.233029+00:00,3389004,17,40.894,-13.2,-34.8,-1.1,159755,0
2026-02-02T06:14:55.237247+00:00,3391120,19,38.946,-11.8,-33.6,-1.1,205267,0
2026-02-02T06:15:55.247089+00:00,3393247,20,40.894,-13.8,-34.9,-1.1,213656,0
2026-02-02T06:16:55.251362+00:00,3395382,20,40.894,-12.7,-30.8,-0.9,222121,0
2026-02-02T06:17:55.257501+00:00,3397517,21,40.407,-12.5,-33.6,-1.1,229608,0
2026-02-02T06:18:55.261809+00:00,3399650,22,39.92,-13.6,-34.7,-1.0,216461,0
2026-02-02T06:19:55.271851+00:00,3401810,23,40.894,-14.2,-34.6,-1.3,229983,0
2026-02-02T06:20:55.275957+00:00,3403973,22,42.355,-14.2,-33.5,-1.2,243997,0
2026-02-02T06:21:55.282129+00:00,3406143,22,41.381,-12.7,-32.6,-1.0,257868,0
2026-02-02T06:22:55.286690+00:00,3408308,21,40.894,-10.8,-32.2,-0.9,271503,0
2026-02-02T06:23:55.291932+00:00,3410484,22,40.894,-11.0,-32.1,-0.9,285453,0
2026-02-02T06:24:55.296003+00:00,3412648,22,41.381,-11.4,-32.8,-0.9,297560,0
2026-02-02T06:25:55.301155+00:00,3414812,20,40.894,-12.1,-31.2,-0.9,310956,0
2026-02-02T06:26:55.305828+00:00,3416910,19,41.381,-10.3,-33.4,-0.9,293439,0
2026-02-02T06:27:55.310767+00:00,3419022,18,41.868,-10.3,-33.1,-1.2,64622,0
2026-02-02T06:28:55.315802+00:00,3421146,18,40.407,-13.1,-34.7,-2.2,197351,0
2026-02-02T06:29:55.324900+00:00,3423285,18,39.433,-14.1,-35.1,-2.7,192311,0
2026-02-02T06:30:55.328815+00:00,3425459,17,40.894,-14.4,-33.9,-3.6,184098,0
2026-02-02T06:31:55.337071+00:00,3427623,20,41.381,-15.4,-35.1,-2.8,115186,0
2026-02-02T06:32:55.345503+00:00,3429796,19,41.381,-15.8,-34.8,-1.4,173069,0
2026-02-02T06:33:55.351171+00:00,3431958,19,40.894,-15.3,-35.0,-1.5,236620,0
2026-02-02T06:34:55.355781+00:00,3434125,17,40.894,-14.9,-34.9,-2.2,247567,0
2026-02-02T06:35:55.360387+00:00,3436294,17,40.894,-13.4,-34.4,-1.0,253354,0
2026-02-02T06:36:55.364460+00:00,3438453,17,40.407,-14.6,-35.1,-0.9,278185,0
2026-02-02T06:37:55.369208+00:00,3440592,16,40.894,-15.4,-36.0,-3.5,291532,0
2026-02-02T06:38:55.373183+00:00,3442704,14,40.894,-15.4,-36.7,-4.1,298862,0
2026-02-02T06:39:55.377780+00:00,3444846,14,40.407,-14.9,-36.0,-2.8,309570,0
2026-02-02T06:40:55.381956+00:00,3446965,14,39.92,-14.0,-35.3,-4.0,235399,0
2026-02-02T06:41:55.386939+00:00,3449004,14,39.433,-14.0,-35.6,-3.9,230073,0
2026-02-02T06:42:55.403224+00:00,3450877,14,39.92,-14.0,-36.6,-3.8,264092,0
2026-02-02T06:43:55.410134+00:00,3452757,17,40.407,-15.0,-37.4,-5.1,266427,0
2026-02-02T06:44:55.414753+00:00,3454595,15,39.433,-13.3,-36.5,-5.2,275431,0
2026-02-02T06:45:55.423141+00:00,3456334,13,39.92,-12.9,-36.7,-5.9,289048,0
2026-02-02T06:46:55.428026+00:00,3458137,12,39.92,-14.5,-37.2,-6.0,207617,0
2026-02-02T06:47:55.435283+00:00,3459969,12,40.407,-13.9,-37.1,-2.0,283656,0
2026-02-02T06:48:55.439840+00:00,3461854,10,40.894,-12.8,-36.1,-1.2,220551,0
2026-02-02T06:49:55.444248+00:00,3463690,10,40.407,-12.2,-32.3,-1.0,239861,0
2026-02-02T06:50:55.448338+00:00,3465513,9,39.433,-11.7,-32.7,-1.0,173272,0
2026-02-02T06:51:55.455410+00:00,3467368,9,40.407,-11.6,-35.5,-1.2,166990,0
2026-02-02T06:52:55.459610+00:00,3469348,9,39.92,-15.1,-37.8,-1.3,159996,0
2026-02-02T06:53:55.464216+00:00,3471228,9,39.92,-17.2,-38.8,-6.1,155145,0
2026-02-02T06:54:55.468878+00:00,3473081,8,40.407,-17.4,-39.0,-5.0,259665,0
2026-02-02T06:55:55.474701+00:00,3474929,8,40.894,-15.8,-38.7,-1.6,262547,0
2026-02-02T06:56:55.480082+00:00,3476848,8,39.92,-12.5,-35.2,-0.8,265842,0
2026-02-02T06:57:55.485614+00:00,3478750,9,40.894,-11.9,-35.3,-0.8,173040,0
2026-02-02T06:58:55.489623+00:00,3480625,9,40.894,-13.2,-36.9,-2.3,165233,0
2026-02-02T06:59:55.494223+00:00,3482627,8,41.381,-17.5,-38.7,-7.0,31490,0
2026-02-02T07:00:55.498415+00:00,3484531,8,40.894,-17.4,-39.1,-8.5,0,0
2026-02-02T07:01:55.502631+00:00,3486431,7,40.894,-18.0,-39.7,-10.2,0,0
2026-02-02T07:02:55.506881+00:00,3488436,9,40.894,-18.9,-39.7,-10.9,181750,0
2026-02-02T07:03:55.511864+00:00,3490485,9,40.407,-20.4,-39.7,-13.1,196023,0
2026-02-02T07:04:55.515895+00:00,3492529,11,39.92,-18.0,-38.5,-2.8,207198,0
2026-02-02T07:05:55.521002+00:00,3494529,10,41.381,-17.1,-37.6,-2.6,224057,0
2026-02-02T07:06:55.525026+00:00,3496522,10,40.407,-15.8,-37.5,-2.0,238401,0
2026-02-02T07:07:55.529624+00:00,3498531,9,39.92,-13.5,-36.2,-1.6,251979,0
2026-02-02T07:08:55.533567+00:00,3500488,9,40.407,-13.3,-36.5,-1.1,257663,0
2026-02-02T07:09:55.538736+00:00,3502508,10,39.92,-13.2,-36.8,-1.3,172181,0
2026-02-02T07:10:55.542755+00:00,3504573,9,41.381,-11.9,-35.1,-2.0,185805,0
2026-02-02T07:11:55.547410+00:00,3506609,10,39.92,-11.2,-35.0,-1.4,307121,0
2026-02-02T07:12:55.551424+00:00,3508652,9,39.92,-11.9,-36.0,-1.4,213194,0
2026-02-02T07:13:55.556260+00:00,3510602,10,39.92,-10.2,-32.2,-1.0,214084,0
2026-02-02T07:14:55.560420+00:00,3512458,10,39.92,-9.3,-33.3,-1.3,237098,0
2026-02-02T07:15:55.564889+00:00,3514310,10,40.894,-9.5,-34.0,-1.1,128068,0
2026-02-02T07:16:55.568968+00:00,3516167,10,39.92,-10.2,-33.2,-1.0,258058,0
2026-02-02T07:17:55.574079+00:00,3518028,12,41.381,-9.9,-32.5,-1.0,257870,0
2026-02-02T07:18:55.579277+00:00,3519894,10,41.868,-10.0,-34.6,-1.7,257115,0
2026-02-02T07:19:55.584258+00:00,3521806,10,39.92,-12.1,-36.2,-2.4,257058,0
2026-02-02T07:20:55.588658+00:00,3523778,10,39.92,-16.1,-38.2,-5.8,179912,0
2026-02-02T07:21:55.593297+00:00,3525775,12,40.894,-17.8,-38.5,-7.0,280498,0
2026-02-02T07:22:55.597410+00:00,3527811,12,39.92,-18.0,-37.9,-3.5,266282,0
2026-02-02T07:23:55.603231+00:00,3529814,11,40.407,-17.1,-37.4,-2.8,246058,0
2026-02-02T07:24:55.607244+00:00,3531811,11,41.381,-19.3,-38.9,-4.0,233117,0
2026-02-02T07:25:55.611977+00:00,3533777,10,39.92,-19.0,-38.9,-3.6,222303,0
2026-02-02T07:26:55.615835+00:00,3535643,10,40.407,-19.5,-39.9,-5.0,209993,0
2026-02-02T07:27:55.620848+00:00,3537554,10,40.407,-18.4,-39.5,-5.3,195977,0
2026-02-02T07:28:55.624962+00:00,3539378,11,39.92,-16.4,-38.9,-3.5,201795,0
2026-02-02T07:29:55.629398+00:00,3541265,11,40.407,-13.6,-37.6,-2.2,215934,0
2026-02-02T07:30:55.633575+00:00,3543233,12,41.381,-14.6,-37.0,-1.5,230043,0
2026-02-02T07:31:55.638321+00:00,3545020,12,40.894,-10.6,-32.4,-0.9,241720,0
2026-02-02T07:32:55.642362+00:00,3546675,12,39.92,-12.1,-30.2,-0.9,258307,0
2026-02-02T07:33:55.647319+00:00,3548273,11,39.92,-12.3,-33.6,-1.1,261347,0
2026-02-02T07:34:55.652629+00:00,3549859,11,40.407,-16.2,-37.7,-3.3,262188,0
2026-02-02T07:35:55.656917+00:00,3551108,11,39.92,-19.0,-40.1,-7.9,257146,0
2026-02-02T07:36:55.660837+00:00,3552536,8,40.407,-21.0,-40.5,-13.3,283175,0
2026-02-02T07:37:55.665419+00:00,3553937,9,40.894,-22.5,-40.2,-13.0,290326,0
2026-02-02T07:38:55.669657+00:00,3555430,11,39.433,-23.1,-39.7,-11.9,296128,0
2026-02-02T07:39:55.674520+00:00,3557010,9,40.407,-19.2,-39.3,-3.3,246988,0
2026-02-02T07:40:55.678586+00:00,3558447,10,40.407,-15.1,-38.9,-2.5,236608,0
2026-02-02T07:41:55.683295+00:00,3559742,10,40.407,-7.7,-35.4,-0.9,289529,0
2026-02-02T07:42:55.687212+00:00,3561091,9,40.407,-5.1,-34.1,-1.0,288282,0
2026-02-02T07:43:55.691947+00:00,3562418,11,41.381,-7.2,-36.3,-2.1,270890,0
2026-02-02T07:44:55.695866+00:00,3563906,11,40.407,-10.8,-37.6,-3.2,263560,0
2026-02-02T07:45:55.700623+00:00,3565197,10,40.407,-13.0,-38.9,-6.1,246056,0
2026-02-02T07:46:55.704520+00:00,3566725,10,40.894,-19.2,-39.8,-11.5,238592,0
2026-02-02T07:47:55.709291+00:00,3568083,9,39.92,-19.8,-39.8,-14.5,229931,0
2026-02-02T07:48:55.716072+00:00,3569537,9,40.894,-19.9,-39.4,-14.1,214938,0
2026-02-02T07:49:55.720474+00:00,3571157,10,41.381,-19.9,-39.7,-4.7,211354,0
2026-02-02T07:50:55.724510+00:00,3572745,9,40.407,-17.3,-39.3,-3.0,201326,0
2026-02-02T07:51:55.733493+00:00,3574353,8,40.407,-14.5,-38.7,-1.1,190427,0
2026-02-02T07:52:55.738358+00:00,3575937,7,40.407,-12.2,-35.3,-1.0,178436,0
2026-02-02T07:53:55.742792+00:00,3577516,7,40.407,-8.8,-33.6,-0.9,171552,0
2026-02-02T07:54:55.746680+00:00,3579200,8,40.894,-11.5,-36.1,-1.9,171198,0
2026-02-02T07:55:55.751551+00:00,3580898,8,40.894,-13.5,-37.0,-3.3,184845,0
2026-02-02T07:56:55.755650+00:00,3582864,7,40.894,-18.6,-39.3,-9.2,198605,0
2026-02-02T07:57:55.759965+00:00,3584872,11,40.894,-20.8,-39.9,-10.8,212277,0
2026-02-02T07:58:55.763778+00:00,3586883,9,40.407,-21.4,-40.0,-13.3,226182,0
2026-02-02T07:59:55.772722+00:00,3588838,11,40.407,-20.6,-40.1,-13.6,239934,0
2026-02-02T08:00:55.777249+00:00,3590835,13,40.407,-21.0,-39.0,-14.1,254085,0
2026-02-02T08:01:55.785352+00:00,3592927,12,40.894,-20.4,-37.8,-12.3,268294,0
2026-02-02T08:02:55.791406+00:00,3594983,13,40.894,-19.9,-39.4,-13.2,281169,0
2026-02-02T08:03:55.796365+00:00,3596964,14,40.894,-18.2,-38.5,-10.3,289502,0
2026-02-02T08:04:55.802769+00:00,3598960,12,40.894,-18.6,-39.2,-10.6,164016,0
2026-02-02T08:05:55.807721+00:00,3600936,11,41.381,-16.8,-38.9,-7.5,281292,0
2026-02-02T08:06:55.811982+00:00,3602955,12,40.894,-16.5,-37.9,-8.8,267808,0
2026-02-02T08:07:55.817279+00:00,3605041,13,40.894,-14.3,-36.4,-4.3,263337,0
2026-02-02T08:08:55.821349+00:00,3607152,16,39.92,-13.9,-36.6,-3.5,259572,0
2026-02-02T08:09:55.825734+00:00,3609267,16,41.381,-13.9,-36.0,-2.2,255011,0
2026-02-02T08:10:55.829666+00:00,3611395,16,40.407,-13.7,-35.2,-1.3,246689,0
2026-02-02T08:11:55.834146+00:00,3613523,15,40.407,-13.1,-34.9,-1.2,261199,0
2026-02-02T08:12:55.838503+00:00,3615662,15,40.894,-13.3,-35.6,-2.4,274622,0
2026-02-02T08:13:55.843081+00:00,3617820,17,41.381,-15.5,-36.5,-3.9,284816,0
2026-02-02T08:14:55.847149+00:00,3619964,19,40.407,-16.1,-37.4,-3.7,225177,0
2026-02-02T08:15:55.854553+00:00,3622116,17,40.894,-18.4,-37.1,-4.4,212933,0
2026-02-02T08:16:55.858636+00:00,3624274,17,40.407,-17.8,-37.4,-6.6,245466,0
2026-02-02T08:17:55.866546+00:00,3626417,18,40.407,-17.8,-37.9,-9.1,185055,0
2026-02-02T08:18:55.870548+00:00,3628544,15,40.407,-17.3,-37.9,-6.9,172180,0
2026-02-02T08:19:55.875249+00:00,3630654,15,40.894,-18.8,-38.4,-7.7,164938,0
2026-02-02T08:20:55.879339+00:00,3632750,16,40.894,-18.1,-37.3,-5.8,163142,0
2026-02-02T08:21:55.884717+00:00,3634858,14,40.407,-16.2,-36.8,-4.3,165742,0
2026-02-02T08:22:55.888836+00:00,3636986,15,41.381,-13.2,-35.8,-3.4,180001,0
2026-02-02T08:23:55.893400+00:00,3639029,15,41.381,-13.5,-36.3,-4.0,264238,0
2026-02-02T08:24:55.897402+00:00,3641078,14,40.407,-14.7,-36.1,-4.3,261032,0
2026-02-02T08:25:55.902210+00:00,3643117,13,40.894,-14.8,-36.9,-5.3,221329,0
2026-02-02T08:26:55.906161+00:00,3645161,12,40.407,-13.7,-36.0,-4.7,234587,0
2026-02-02T08:27:55.910698+00:00,3647152,12,40.407,-12.5,-36.2,-4.4,201463,0
2026-02-02T08:28:55.915458+00:00,3649194,11,40.894,-14.2,-37.2,-6.6,190200,0
2026-02-02T08:29:55.920348+00:00,3651254,13,41.381,-13.9,-36.8,-4.3,267786,0
2026-02-02T08:30:55.924405+00:00,3653330,14,40.407,-11.5,-34.9,-3.2,172337,0
2026-02-02T08:31:55.929560+00:00,3655402,13,40.894,-12.7,-35.8,-3.5,151466,0
2026-02-02T08:32:55.933520+00:00,3657453,13,40.407,-12.2,-35.8,-4.0,143586,0
2026-02-02T08:33:55.938131+00:00,3659546,13,40.407,-13.1,-36.7,-4.4,143167,0
2026-02-02T08:34:55.942511+00:00,3661622,12,39.92,-15.3,-37.9,-4.4,132332,0
2026-02-02T08:35:55.949807+00:00,3663628,12,40.894,-15.5,-38.0,-5.2,151130,0
2026-02-02T08:36:55.953962+00:00,3665646,13,40.407,-17.2,-38.6,-8.1,164881,0
2026-02-02T08:37:55.959683+00:00,3667640,12,40.407,-17.3,-38.7,-9.3,178568,0
2026-02-02T08:38:55.964300+00:00,3669598,12,40.894,-16.2,-38.5,-7.2,183584,0
2026-02-02T08:39:55.972758+00:00,3671562,12,40.894,-16.1,-38.7,-6.3,119916,0
2026-02-02T08:40:55.976955+00:00,3673523,12,40.407,-15.4,-38.4,-4.7,112124,0
2026-02-02T08:41:55.981848+00:00,3675538,12,40.407,-12.1,-36.4,-4.6,285505,0
2026-02-02T08:42:55.985980+00:00,3677591,11,40.407,-15.0,-37.6,-4.4,277400,0
2026-02-02T08:43:55.994040+00:00,3679684,11,40.407,-13.8,-36.8,-4.8,264592,0
2026-02-02T08:44:55.998284+00:00,3681794,12,41.381,-14.2,-36.8,-4.4,251790,0
2026-02-02T08:45:56.003310+00:00,3683857,11,40.407,-16.1,-38.5,-5.2,239073,0
2026-02-02T08:46:56.007435+00:00,3685951,12,39.433,-19.8,-39.8,-7.3,169209,0
2026-02-02T08:47:56.013006+00:00,3688074,11,41.381,-19.4,-39.7,-7.7,160124,0
2026-02-02T08:48:56.017183+00:00,3690196,11,39.433,-18.1,-39.3,-6.2,48052,0
2026-02-02T08:49:56.021754+00:00,3692308,12,40.894,-20.0,-39.4,-5.8,133459,0
2026-02-02T08:50:56.026007+00:00,3694415,10,40.407,-16.9,-38.6,-1.4,123106,0
2026-02-02T08:51:56.030710+00:00,3696534,10,40.407,-18.6,-38.6,-2.5,111362,0
2026-02-02T08:52:56.034960+00:00,3698661,9,39.92,-18.4,-38.7,-4.9,98664,0
2026-02-02T08:53:56.039916+00:00,3700794,9,40.407,-20.1,-39.9,-5.9,89092,0
2026-02-02T08:54:56.044749+00:00,3702931,11,40.407,-20.0,-39.7,-11.6,78589,0
2026-02-02T08:55:56.050160+00:00,3705097,11,40.407,-19.9,-38.8,-4.6,207592,0
2026-02-02T08:56:56.054448+00:00,3707258,11,40.894,-17.0,-38.0,-1.4,202191,0
2026-02-02T08:57:56.059973+00:00,3709401,12,40.894,-16.1,-37.2,-2.4,194472,0
2026-02-02T08:58:56.064596+00:00,3711530,12,40.407,-16.2,-38.2,-2.1,186924,0
2026-02-02T08:59:56.070345+00:00,3713679,14,41.381,-18.8,-38.9,-2.6,293242,0
2026-02-02T09:00:56.075626+00:00,3715840,14,40.894,-20.5,-39.2,-8.4,280901,0
2026-02-02T09:01:56.080260+00:00,3717998,15,40.894,-17.1,-38.4,-3.2,267656,0
2026-02-02T09:02:56.084512+00:00,3720159,14,41.381,-15.1,-37.3,-2.6,254189,0
2026-02-02T09:03:56.091025+00:00,3722312,14,39.92,-15.2,-36.9,-2.3,240542,0
2026-02-02T09:04:56.096165+00:00,3724479,15,40.894,-15.7,-37.1,-1.8,240556,0
2026-02-02T09:05:56.101358+00:00,3726631,16,40.407,-18.2,-38.7,-2.7,278685,0
2026-02-02T09:06:56.105665+00:00,3728778,16,41.868,-16.8,-37.9,-3.9,269872,0
2026-02-02T09:07:56.113664+00:00,3730955,17,40.407,-14.4,-35.8,-3.3,246930,0
2026-02-02T09:08:56.117754+00:00,3733122,17,40.894,-15.1,-36.7,-4.0,241634,0
2026-02-02T09:09:56.122517+00:00,3735259,16,40.407,-14.5,-36.6,-3.7,235204,0
2026-02-02T09:10:56.127067+00:00,3737385,15,41.868,-16.1,-37.3,-5.0,239548,0
2026-02-02T09:11:56.134179+00:00,3739499,15,40.407,-17.1,-38.0,-6.4,216142,0
2026-02-02T09:12:56.138600+00:00,3741649,12,41.381,-15.7,-37.1,-3.8,183012,0
2026-02-02T09:13:56.146527+00:00,3743796,12,39.92,-14.4,-36.4,-1.9,196332,0
2026-02-02T09:14:56.156428+00:00,3745964,15,41.381,-16.6,-37.5,-2.6,209659,0
2026-02-02T09:15:56.164659+00:00,3748116,14,41.381,-17.4,-38.0,-6.4,212647,0
2026-02-02T09:16:56.171454+00:00,3750248,13,40.407,-17.1,-38.1,-6.2,115920,0
2026-02-02T09:17:56.176480+00:00,3752359,14,41.868,-16.3,-38.1,-5.6,117479,0
2026-02-02T09:18:56.181173+00:00,3754490,13,40.407,-14.0,-36.9,-3.9,270424,0
2026-02-02T09:19:56.185497+00:00,3756604,13,40.894,-13.3,-36.1,-3.1,267600,0
2026-02-02T09:20:56.192644+00:00,3758730,14,40.407,-11.7,-34.9,-2.2,254795,0
2026-02-02T09:21:56.197684+00:00,3760855,16,41.381,-10.9,-34.7,-2.3,247519,0
2026-02-02T09:22:56.202869+00:00,3762936,16,39.92,-9.4,-34.2,-2.0,241162,0
2026-02-02T09:23:56.207521+00:00,3765044,16,41.868,-9.0,-34.6,-2.9,227697,0
2026-02-02T09:24:56.212230+00:00,3767115,17,41.381,-10.4,-35.4,-3.6,213718,0
2026-02-02T09:25:56.217590+00:00,3769202,16,41.868,-10.3,-35.0,-3.7,197498,0
2026-02-02T09:26:56.223536+00:00,3771249,17,41.868,-15.4,-38.0,-5.4,266318,0
2026-02-02T09:27:56.228284+00:00,3773339,14,41.381,-20.2,-39.9,-11.4,192393,0
2026-02-02T09:28:56.234221+00:00,3775430,16,40.894,-20.9,-40.1,-12.8,233450,0
2026-02-02T09:29:56.239671+00:00,3777517,15,41.868,-18.9,-39.5,-9.0,223045,0
2026-02-02T09:30:56.249216+00:00,3779623,15,40.894,-20.9,-40.1,-12.3,262040,0
2026-02-02T09:31:56.255696+00:00,3781726,13,40.894,-20.7,-40.0,-10.0,259693,0
2026-02-02T09:32:56.260443+00:00,3783853,10,41.381,-18.9,-39.4,-9.8,174784,0
2026-02-02T09:33:56.265440+00:00,3785979,12,39.92,-19.7,-39.6,-10.0,176737,0
2026-02-02T09:34:56.285030+00:00,3788067,10,41.868,-19.7,-39.6,-10.3,185021,0
2026-02-02T09:35:56.292071+00:00,3790100,11,41.868,-20.4,-40.0,-10.5,204187,0
2026-02-02T09:36:56.298929+00:00,3792125,13,39.92,-20.5,-40.1,-8.8,214678,0
2026-02-02T09:37:56.303453+00:00,3794245,13,41.381,-18.9,-39.3,-7.5,220447,0
2026-02-02T09:38:56.309108+00:00,3796304,13,41.381,-17.9,-39.1,-6.3,175493,0
2026-02-02T09:39:56.313560+00:00,3798419,13,41.868,-16.9,-38.4,-3.7,180044,0
2026-02-02T09:40:56.318416+00:00,3800389,12,40.407,-15.2,-38.2,-3.6,185150,0
2026-02-02T09:41:56.322604+00:00,3802303,10,41.868,-15.1,-38.0,-6.0,191093,0
2026-02-02T09:42:56.326442+00:00,3804192,11,40.894,-15.5,-38.2,-5.9,198033,0
2026-02-02T09:43:56.331259+00:00,3806067,10,40.407,-13.2,-37.3,-4.3,204400,0
2026-02-02T09:44:56.349695+00:00,3808041,12,40.894,-12.0,-36.4,-5.3,214037,0
2026-02-02T09:45:56.354549+00:00,3810034,13,40.407,-11.6,-35.8,-1.5,221676,0
2026-02-02T09:46:56.359183+00:00,3812001,13,40.894,-10.5,-35.0,-1.9,232507,0
2026-02-02T09:47:56.366768+00:00,3813954,12,40.407,-11.0,-35.5,-2.8,240300,0
2026-02-02T09:48:56.370825+00:00,3815913,11,41.381,-12.1,-36.3,-4.3,252924,0
2026-02-02T09:49:56.375694+00:00,3817902,12,41.381,-11.5,-36.1,-2.3,260339,0
2026-02-02T09:50:56.382102+00:00,3819964,12,41.381,-10.9,-35.3,-2.6,269766,0
2026-02-02T09:51:56.386708+00:00,3822054,14,40.894,-13.1,-35.6,-1.7,285411,0
2026-02-02T09:52:56.394143+00:00,3824175,13,41.381,-11.3,-33.9,-1.3,170088,0
2026-02-02T09:53:56.399072+00:00,3826252,14,41.868,-11.6,-35.3,-1.5,157263,0
2026-02-02T09:54:56.402977+00:00,3828290,14,41.868,-13.5,-36.8,-1.1,143369,0
2026-02-02T09:55:56.407365+00:00,3830359,14,40.894,-11.5,-34.2,-1.2,131295,0
2026-02-02T09:56:56.413546+00:00,3832471,14,39.92,-12.1,-34.2,-1.3,120254,0
2026-02-02T09:57:56.423708+00:00,3834622,15,41.381,-13.6,-35.7,-1.6,108734,0
2026-02-02T09:58:56.429933+00:00,3836752,15,41.868,-15.6,-36.5,-1.5,141641,0
2026-02-02T09:59:56.434522+00:00,3838901,13,41.381,-13.1,-34.1,-1.2,135291,0
2026-02-02T10:00:56.438583+00:00,3841051,14,41.868,-13.6,-34.4,-1.9,126963,0
2026-02-02T10:01:56.443137+00:00,3843198,14,41.868,-15.4,-35.9,-2.9,107885,0
2026-02-02T10:02:56.447033+00:00,3845357,12,40.894,-15.9,-36.6,-4.2,105687,0
2026-02-02T10:03:56.452324+00:00,3847465,13,40.407,-15.2,-37.1,-5.4,107625,0
2026-02-02T10:04:56.456510+00:00,3849552,14,40.894,-13.8,-36.5,-4.7,172900,0
2026-02-02T10:05:56.461227+00:00,3851641,14,41.381,-13.6,-35.6,-4.0,169346,0
2026-02-02T10:06:56.465240+00:00,3853756,16,40.407,-12.9,-34.9,-1.7,157591,0
2026-02-02T10:07:56.469984+00:00,3855873,16,41.381,-11.5,-33.2,-1.3,154720,0
2026-02-02T10:08:56.474032+00:00,3858015,16,41.381,-12.5,-33.2,-1.1,183104,0
2026-02-02T10:09:56.478916+00:00,3860169,17,40.894,-12.5,-33.8,-1.3,197239,0
2026-02-02T10:10:56.483341+00:00,3862299,17,42.355,-12.3,-33.0,-1.6,209865,0
2026-02-02T10:11:56.488329+00:00,3864395,18,40.894,-14.1,-34.8,-1.9,224679,0
2026-02-02T10:12:56.492966+00:00,3866508,17,40.894,-15.6,-36.8,-2.9,228789,0
2026-02-02T10:13:56.498212+00:00,3868600,16,41.381,-16.4,-37.5,-5.9,206629,0
2026-02-02T10:14:56.502242+00:00,3870694,15,41.381,-16.7,-37.5,-6.5,204811,0
2026-02-02T10:15:56.509800+00:00,3872785,16,40.407,-14.6,-36.7,-2.4,218548,0
2026-02-02T10:16:56.513818+00:00,3874903,17,41.381,-16.7,-38.0,-2.3,232202,0
2026-02-02T10:17:56.518417+00:00,3877053,15,40.894,-16.9,-38.1,-1.9,245527,0
2026-02-02T10:18:56.524927+00:00,3879182,14,40.894,-17.7,-38.5,-3.8,259210,0
2026-02-02T10:19:56.532445+00:00,3881246,14,41.868,-16.2,-38.1,-3.6,288589,0
2026-02-02T10:20:56.536584+00:00,3883271,15,40.407,-16.6,-38.5,-2.2,289331,0
2026-02-02T10:21:56.541638+00:00,3885299,15,40.894,-17.0,-38.2,-2.3,296159,0
2026-02-02T10:22:56.545713+00:00,3887349,12,40.407,-19.7,-39.3,-2.9,210882,0
2026-02-02T10:23:56.550852+00:00,3889327,12,41.381,-18.2,-39.4,-2.4,190908,0
2026-02-02T10:24:56.554973+00:00,3891275,10,41.868,-18.9,-39.3,-2.8,182108,0
2026-02-02T10:25:56.559434+00:00,3893250,10,40.407,-21.8,-40.3,-6.5,170505,0
2026-02-02T10:26:56.563504+00:00,3895246,10,40.894,-20.9,-40.2,-6.1,157185,0
2026-02-02T10:27:56.567886+00:00,3897255,11,40.407,-21.7,-40.5,-11.6,144054,0
2026-02-02T10:28:56.583508+00:00,3899258,10,40.894,-20.8,-39.5,-6.1,131120,0
2026-02-02T10:29:56.588096+00:00,3901245,10,41.381,-17.3,-38.5,-2.8,137811,0
2026-02-02T10:30:56.592091+00:00,3903252,13,40.894,-18.4,-38.8,-5.4,144804,0
2026-02-02T10:31:56.596471+00:00,3905301,13,40.894,-16.7,-38.6,-1.6,154830,0
2026-02-02T10:32:56.600439+00:00,3907268,11,40.894,-16.2,-37.6,-3.2,140149,0
2026-02-02T10:33:56.605396+00:00,3909283,11,41.381,-13.8,-36.7,-1.8,187240,0
2026-02-02T10:34:56.609538+00:00,3911344,12,41.381,-13.9,-36.7,-4.7,199010,0
2026-02-02T10:35:56.614604+00:00,3913386,11,40.894,-11.0,-35.1,-4.1,164849,0
2026-02-02T10:36:56.618670+00:00,3915434,11,40.407,-11.2,-35.3,-4.6,173215,0
2026-02-02T10:37:56.623417+00:00,3917418,11,40.894,-10.6,-35.4,-3.7,181625,0
2026-02-02T10:38:56.627408+00:00,3919354,11,39.92,-10.9,-35.7,-3.9,189193,0
2026-02-02T10:39:56.631793+00:00,3921271,10,40.407,-8.9,-34.7,-3.5,197181,0
2026-02-02T10:40:56.635824+00:00,3923191,10,41.381,-10.9,-36.2,-4.4,206989,0
2026-02-02T10:41:56.640684+00:00,3925208,12,41.381,-13.5,-37.5,-6.0,215530,0
2026-02-02T10:42:56.647803+00:00,3927230,12,41.381,-14.8,-38.0,-2.8,223443,0
2026-02-02T10:43:56.652906+00:00,3929173,13,39.92,-14.3,-37.5,-1.7,231076,0
2026-02-02T10:44:56.657309+00:00,3931101,10,41.381,-11.9,-35.5,-0.9,125823,0
2026-02-02T10:45:56.661946+00:00,3933023,10,40.894,-9.3,-33.9,-0.9,141003,0
2026-02-02T10:46:56.668914+00:00,3935070,11,40.894,-10.7,-35.2,-1.4,152576,0
2026-02-02T10:47:56.673789+00:00,3937077,11,41.868,-12.7,-37.2,-2.7,165909,0
2026-02-02T10:48:56.677723+00:00,3939128,12,41.381,-15.8,-38.7,-4.0,175624,0
2026-02-02T10:49:56.682447+00:00,3941278,13,41.381,-20.7,-39.0,-5.4,193050,0
2026-02-02T10:50:56.686552+00:00,3943413,14,41.381,-18.5,-37.7,-2.6,204324,0
2026-02-02T10:51:56.690992+00:00,3945500,14,41.868,-18.3,-37.8,-3.2,220104,0
2026-02-02T10:52:56.695634+00:00,3947553,15,40.894,-14.3,-36.8,-2.1,228215,0
2026-02-02T10:53:56.700058+00:00,3949624,15,40.407,-13.0,-36.2,-1.1,122323,0
2026-02-02T10:54:56.704437+00:00,3951730,12,41.868,-11.8,-32.9,-0.9,127888,0
2026-02-02T10:55:56.709045+00:00,3953860,12,40.894,-11.9,-34.0,-1.0,138790,0
2026-02-02T10:56:56.712938+00:00,3955985,13,41.381,-15.6,-37.1,-2.4,152753,0
2026-02-02T10:57:56.717683+00:00,3958133,14,41.381,-17.4,-38.0,-4.6,166894,0
2026-02-02T10:58:56.721536+00:00,3960282,13,40.894,-17.2,-37.8,-5.1,181262,0
2026-02-02T10:59:56.726703+00:00,3962409,13,41.381,-15.1,-36.1,-4.5,243576,0
2026-02-02T11:00:56.730611+00:00,3964549,13,40.894,-13.5,-35.5,-4.3,210305,0
2026-02-02T11:01:56.735180+00:00,3966637,12,40.894,-14.3,-37.0,-4.7,224670,0
2026-02-02T11:02:56.739131+00:00,3968753,11,40.894,-14.6,-37.3,-4.5,238976,0
2026-02-02T11:03:56.743589+00:00,3970861,12,41.381,-15.0,-37.3,-4.7,253009,0
2026-02-02T11:04:56.747370+00:00,3972968,13,40.407,-15.3,-37.2,-2.2,267176,0
2026-02-02T11:05:56.751874+00:00,3975016,13,40.894,-15.0,-37.0,-2.5,278977,0
2026-02-02T11:06:56.756168+00:00,3977096,14,41.381,-15.0,-36.8,-1.3,285083,0
2026-02-02T11:07:56.760509+00:00,3979244,13,41.868,-16.0,-36.8,-1.6,277358,0
2026-02-02T11:08:56.764444+00:00,3981405,14,41.381,-17.9,-37.1,-4.6,263584,0
2026-02-02T11:09:56.769525+00:00,3983578,13,42.355,-18.1,-37.1,-2.1,249737,0
2026-02-02T11:10:56.773695+00:00,3985753,14,40.894,-19.7,-37.6,-3.1,234877,0
2026-02-02T11:11:56.779008+00:00,3987905,14,40.407,-19.4,-38.3,-2.3,233265,0
2026-02-02T11:12:56.783008+00:00,3990061,12,40.407,-19.3,-38.6,-2.3,207516,0
2026-02-02T11:13:56.787601+00:00,3992211,13,41.381,-22.0,-39.6,-10.4,274160,0
2026-02-02T11:14:56.791470+00:00,3994340,13,41.868,-21.5,-39.6,-9.0,269755,0
2026-02-02T11:15:56.796051+00:00,3996416,14,41.868,-21.0,-39.6,-12.5,254203,0
2026-02-02T11:16:56.800016+00:00,3998507,14,40.894,-18.5,-38.5,-4.2,242867,0
2026-02-02T11:17:56.804748+00:00,4000550,13,40.894,-15.7,-37.5,-1.5,234982,0
2026-02-02T11:18:56.808569+00:00,4002619,14,40.894,-16.2,-38.3,-3.3,219176,0
2026-02-02T11:19:56.813061+00:00,4004720,15,41.381,-14.3,-37.2,-4.8,214973,0
2026-02-02T11:20:56.817250+00:00,4006805,16,41.381,-12.8,-36.6,-2.0,207072,0
2026-02-02T11:21:56.822085+00:00,4008867,17,40.407,-13.3,-36.8,-2.5,199237,0
2026-02-02T11:22:56.825999+00:00,4010786,13,41.868,-13.7,-37.8,-6.5,215315,0
2026-02-02T11:23:56.830874+00:00,4012738,12,40.894,-14.3,-37.9,-5.6,228125,0
2026-02-02T11:24:56.837519+00:00,4014689,14,40.894,-14.5,-37.8,-5.1,242149,0
2026-02-02T11:25:56.842050+00:00,4016704,12,40.894,-15.9,-38.2,-6.8,226334,0
2026-02-02T11:26:56.846350+00:00,4018748,11,40.407,-17.3,-39.0,-7.7,238166,0
2026-02-02T11:27:56.851369+00:00,4020719,10,41.381,-19.1,-39.9,-8.5,255535,0
2026-02-02T11:28:56.855576+00:00,4022737,10,40.894,-21.2,-40.2,-8.6,261429,0
2026-02-02T11:29:56.860335+00:00,4024730,9,41.381,-22.4,-40.5,-12.6,155864,0
2026-02-02T11:30:56.864192+00:00,4026620,10,40.407,-23.1,-40.8,-12.6,166221,0
2026-02-02T11:31:56.869125+00:00,4028395,10,40.407,-18.7,-40.2,-7.8,176202,0
2026-02-02T11:32:56.873079+00:00,4030248,9,40.894,-16.0,-39.1,-4.0,192684,0
2026-02-02T11:33:56.878221+00:00,4032071,9,40.894,-12.6,-38.0,-2.2,206843,0
2026-02-02T11:34:56.882286+00:00,4033902,9,39.92,-11.1,-37.2,-2.6,214708,0
2026-02-02T11:35:56.886811+00:00,4035667,9,39.92,-10.2,-36.9,-2.9,233598,0
2026-02-02T11:36:56.890953+00:00,4037430,8,41.381,-10.3,-37.2,-3.9,243679,0
2026-02-02T11:37:56.895820+00:00,4039146,9,40.894,-9.6,-36.4,-3.5,260874,0
2026-02-02T11:38:56.901998+00:00,4040841,10,40.407,-12.3,-38.0,-4.4,266278,0
2026-02-02T11:39:56.907339+00:00,4042451,10,41.381,-16.3,-40.0,-7.7,211288,0
2026-02-02T11:40:56.913853+00:00,4044180,9,40.894,-16.4,-39.4,-2.7,233253,0
2026-02-02T11:41:56.918988+00:00,4046067,11,40.894,-14.3,-37.8,-1.2,271431,0
2026-02-02T11:42:56.925187+00:00,4048054,10,40.407,-15.1,-38.2,-2.1,210411,0
2026-02-02T11:43:56.929816+00:00,4050062,11,40.407,-15.4,-38.2,-2.2,266478,0
2026-02-02T11:44:56.935936+00:00,4052082,12,39.92,-15.5,-38.1,-1.6,180822,0
2026-02-02T11:45:56.940738+00:00,4054172,12,39.92,-11.6,-32.6,-1.0,170619,0
2026-02-02T11:46:56.944840+00:00,4056263,12,39.92,-12.2,-35.7,-1.7,157687,0
2026-02-02T11:47:56.954870+00:00,4058402,13,40.407,-14.9,-37.4,-2.9,303424,0
2026-02-02T11:48:56.958710+00:00,4060518,14,40.894,-13.2,-36.4,-2.0,286350,0
2026-02-02T11:49:56.964042+00:00,4062670,15,40.894,-13.1,-32.3,-1.0,281609,0
2026-02-02T11:50:56.970503+00:00,4064818,15,40.894,-12.6,-33.5,-1.0,274773,0
2026-02-02T11:51:56.976424+00:00,4067001,15,41.868,-14.2,-35.9,-2.2,266378,0
2026-02-02T11:52:56.980398+00:00,4069187,15,40.407,-14.4,-35.9,-2.4,258006,0
2026-02-02T11:53:56.984991+00:00,4071369,15,40.894,-12.3,-33.3,-2.2,249986,0
2026-02-02T11:54:56.988846+00:00,4073558,15,40.407,-12.2,-33.2,-2.7,242677,0
2026-02-02T11:55:56.993518+00:00,4075736,16,40.894,-12.0,-32.9,-2.7,236035,0
2026-02-02T11:56:56.997620+00:00,4077905,16,40.894,-11.0,-32.7,-3.0,230010,0
2026-02-02T11:57:57.002633+00:00,4080087,17,40.894,-10.9,-33.1,-3.2,224703,0
2026-02-02T11:58:57.007019+00:00,4082267,18,41.868,-12.3,-33.6,-3.7,221867,0
2026-02-02T11:59:57.011580+00:00,4084449,18,40.407,-12.0,-32.7,-3.2,224726,0
2026-02-02T12:00:57.015810+00:00,4086637,17,40.407,-13.0,-33.3,-3.5,229488,0
2026-02-02T12:01:57.020170+00:00,4088828,17,41.381,-12.8,-33.8,-3.2,242009,0
2026-02-02T12:02:57.024088+00:00,4091016,15,41.381,-13.1,-34.1,-3.1,245019,0
2026-02-02T12:03:57.028547+00:00,4093206,18,40.407,-15.5,-35.0,-3.3,267988,0
2026-02-02T12:04:57.033244+00:00,4095401,17,41.381,-14.5,-34.1,-3.2,268448,0
2026-02-02T12:05:57.041158+00:00,4097596,17,40.407,-15.9,-35.1,-2.3,184184,0
2026-02-02T12:06:57.053891+00:00,4099790,16,39.92,-17.5,-35.7,-2.3,172854,0
2026-02-02T12:07:57.059929+00:00,4101982,17,40.407,-18.3,-36.2,-1.2,159718,0
2026-02-02T12:08:57.065456+00:00,4104175,17,40.407,-17.3,-35.2,-1.0,146475,0
2026-02-02T12:09:57.071091+00:00,4106369,18,41.381,-14.1,-33.6,-1.0,267757,0
2026-02-02T12:10:57.075900+00:00,4108564,20,40.894,-14.0,-33.8,-1.5,262925,0
2026-02-02T12:11:57.082399+00:00,4110759,20,40.894,-16.1,-35.2,-2.8,269532,0
2026-02-02T12:12:57.088758+00:00,4112951,19,40.407,-15.6,-35.0,-2.1,257710,0
2026-02-02T12:13:57.095077+00:00,4115139,20,40.407,-14.3,-33.6,-0.8,244566,0
2026-02-02T12:14:57.099830+00:00,4117317,18,40.407,-12.0,-33.2,-1.1,231476,0
2026-02-02T12:15:57.106131+00:00,4119489,17,40.407,-14.6,-35.2,-3.4,218417,0
2026-02-02T12:16:57.111849+00:00,4121667,17,40.407,-16.1,-36.0,-4.9,205290,0
2026-02-02T12:17:57.119514+00:00,4123850,16,40.894,-16.4,-36.1,-4.5,266218,0
2026-02-02T12:18:57.126801+00:00,4126022,16,40.894,-16.6,-36.3,-4.9,261476,0
2026-02-02T12:19:57.132455+00:00,4128190,14,41.868,-15.8,-36.3,-5.5,194524,0
2026-02-02T12:20:57.138298+00:00,4130354,14,39.433,-16.0,-37.1,-5.0,231744,0
2026-02-02T12:21:57.143007+00:00,4132518,14,39.92,-14.4,-36.5,-4.0,214211,0
2026-02-02T12:22:57.147551+00:00,4134697,15,41.381,-14.0,-36.7,-4.6,259096,0
2026-02-02T12:23:57.155312+00:00,4136882,14,39.92,-14.4,-36.7,-4.0,277417,0
2026-02-02T12:24:57.159950+00:00,4139057,17,40.407,-14.2,-36.0,-4.2,273810,0
2026-02-02T12:25:57.169614+00:00,4141224,20,40.894,-13.5,-35.4,-2.2,294318,0
2026-02-02T12:26:57.175111+00:00,4143398,18,39.92,-15.1,-36.5,-1.0,288752,0
2026-02-02T12:27:57.185332+00:00,4145578,18,41.381,-14.0,-35.1,-1.1,280209,0
2026-02-02T12:28:57.190018+00:00,4147731,18,40.894,-13.9,-35.2,-1.3,270601,0
2026-02-02T12:29:57.197562+00:00,4149885,17,40.894,-16.0,-37.2,-2.7,261030,0
2026-02-02T12:30:57.202668+00:00,4152002,15,41.381,-18.3,-38.7,-5.9,252189,0
2026-02-02T12:31:57.207662+00:00,4154145,17,40.407,-20.2,-39.3,-9.2,243857,0
2026-02-02T12:32:57.218302+00:00,4156315,18,40.407,-20.9,-39.3,-11.4,260047,0
2026-02-02T12:33:57.226070+00:00,4158463,16,40.894,-21.7,-39.6,-10.3,229329,0
2026-02-02T12:34:57.230140+00:00,4160627,15,41.868,-21.6,-39.5,-10.3,278985,0
2026-02-02T12:35:57.240617+00:00,4162767,17,40.894,-20.3,-39.3,-10.4,280930,0
2026-02-02T12:36:57.244429+00:00,4164910,16,40.407,-21.8,-39.7,-11.8,213629,0
2026-02-02T12:37:57.249201+00:00,4167031,19,40.407,-20.2,-39.3,-10.4,185800,0
2026-02-02T12:38:57.254491+00:00,4169146,19,39.92,-19.9,-38.9,-4.9,180949,0
2026-02-02T12:39:57.261138+00:00,4171245,19,40.894,-17.2,-38.0,-2.7,167474,0
2026-02-02T12:40:57.265455+00:00,4173377,19,39.92,-17.6,-38.2,-2.5,314422,0
2026-02-02T12:41:57.270337+00:00,4175525,21,40.894,-19.6,-38.5,-4.8,312904,0
2026-02-02T12:42:57.274705+00:00,4177692,20,39.92,-19.6,-38.3,-5.0,298867,0
2026-02-02T12:43:57.283200+00:00,4179873,24,40.894,-19.6,-38.0,-3.8,284294,0
2026-02-02T12:44:57.287335+00:00,4182040,19,40.894,-22.4,-38.7,-10.2,269678,0
2026-02-02T12:45:57.292282+00:00,4184215,22,39.92,-22.0,-39.0,-10.0,262548,0
2026-02-02T12:46:57.297724+00:00,4186396,26,39.92,-21.5,-38.8,-2.5,258535,0
2026-02-02T12:47:57.303947+00:00,4188580,25,40.894,-19.7,-38.3,-1.8,282560,0
2026-02-02T12:48:57.308007+00:00,4190767,21,39.92,-18.6,-37.6,-1.9,274368,0
2026-02-02T12:49:57.313975+00:00,4192960,19,40.894,-19.4,-37.7,-3.8,260136,0
2026-02-02T12:50:57.320616+00:00,4195143,19,41.868,-21.2,-38.3,-6.4,245797,0
2026-02-02T12:51:57.325261+00:00,4197319,21,40.407,-21.5,-38.3,-5.7,231731,0
2026-02-02T12:52:57.329573+00:00,4199503,21,40.407,-20.7,-38.3,-6.2,217407,0
2026-02-02T12:53:57.338212+00:00,4201694,20,40.407,-19.9,-37.8,-7.2,203103,0
2026-02-02T12:54:57.342167+00:00,4203888,22,41.381,-20.2,-38.0,-10.9,188830,0
2026-02-02T12:55:57.349852+00:00,4206075,22,39.433,-20.2,-38.1,-9.8,283211,0
2026-02-02T12:56:57.354911+00:00,4208266,22,40.407,-20.9,-38.1,-10.7,273179,0
2026-02-02T12:57:57.359401+00:00,4210459,24,40.407,-21.6,-38.2,-11.9,260191,0
2026-02-02T12:58:57.363428+00:00,4212653,24,40.407,-20.4,-37.8,-10.2,247013,0
2026-02-02T12:59:57.368569+00:00,4214848,26,40.894,-20.9,-38.0,-9.5,233767,0
2026-02-02T13:00:57.372683+00:00,4217043,25,40.407,-19.1,-37.4,-5.9,311838,0
2026-02-02T13:01:57.377634+00:00,4219235,24,40.894,-19.8,-37.4,-5.2,303041,0
2026-02-02T13:02:57.382364+00:00,4221433,22,40.894,-19.5,-37.1,-6.2,293108,0
2026-02-02T13:03:57.387285+00:00,4223625,23,40.894,-18.1,-36.6,-3.9,208671,0
2026-02-02T13:04:57.391533+00:00,4225818,22,40.894,-16.0,-35.7,-3.2,210947,0
2026-02-02T13:05:57.396216+00:00,4228009,21,41.381,-15.6,-35.7,-3.0,220715,0
2026-02-02T13:06:57.400217+00:00,4230202,23,41.381,-14.7,-35.2,-2.4,235923,0
2026-02-02T13:07:57.405673+00:00,4232394,24,40.894,-14.6,-35.2,-2.2,245021,0
2026-02-02T13:08:57.409829+00:00,4234585,22,41.381,-14.3,-35.0,-2.0,257973,0
2026-02-02T13:09:57.425298+00:00,4236779,22,41.381,-16.3,-36.5,-3.8,259457,0
2026-02-02T13:10:57.429461+00:00,4238967,24,40.894,-17.6,-37.5,-5.7,183007,0
2026-02-02T13:11:57.434109+00:00,4241158,22,40.894,-19.0,-37.7,-5.6,191749,0
2026-02-02T13:12:57.438122+00:00,4243345,23,40.407,-19.6,-37.9,-7.0,299084,0
2026-02-02T13:13:57.443541+00:00,4245515,26,40.407,-18.8,-38.0,-6.3,298562,0
2026-02-02T13:14:57.447549+00:00,4247679,27,39.92,-20.4,-38.9,-9.4,291434,0
2026-02-02T13:15:57.452035+00:00,4249866,26,41.381,-22.2,-39.2,-10.5,286002,0
2026-02-02T13:16:57.455881+00:00,4252052,26,40.407,-21.6,-39.1,-7.8,271142,0
2026-02-02T13:17:57.460521+00:00,4254238,25,40.407,-20.5,-38.9,-6.2,267384,0
2026-02-02T13:18:57.488039+00:00,4256415,22,41.381,-21.1,-39.1,-7.0,258546,0
2026-02-02T13:19:57.492599+00:00,4258596,22,40.407,-20.7,-38.8,-5.8,250251,0
2026-02-02T13:20:57.496509+00:00,4260777,21,39.92,-20.1,-38.5,-5.8,242282,0
2026-02-02T13:21:57.511112+00:00,4262945,22,40.894,-21.0,-38.5,-9.1,235109,0
2026-02-02T13:22:57.515372+00:00,4265121,21,39.433,-21.0,-38.4,-9.9,228452,0
2026-02-02T13:23:57.519992+00:00,4267308,24,40.407,-20.8,-38.2,-10.5,303397,0
2026-02-02T13:24:57.523925+00:00,4269475,20,40.894,-20.0,-38.2,-9.8,295883,0
2026-02-02T13:25:57.528793+00:00,4271639,21,40.894,-18.9,-37.5,-8.0,288535,0
2026-02-02T13:26:57.535606+00:00,4273810,22,39.92,-18.6,-37.1,-7.0,303238,0
2026-02-02T13:27:57.539995+00:00,4275984,22,39.433,-17.7,-36.4,-5.0,300944,0
2026-02-02T13:28:57.551472+00:00,4278172,24,40.407,-15.7,-35.4,-4.6,305957,0
2026-02-02T13:29:57.556501+00:00,4280353,22,39.92,-16.9,-36.1,-4.6,295925,0
2026-02-02T13:30:57.563014+00:00,4282544,22,41.381,-15.3,-34.7,-1.5,287909,0
2026-02-02T13:31:57.567967+00:00,4284735,23,39.92,-16.3,-35.2,-1.7,311687,0
2026-02-02T13:32:57.571887+00:00,4286927,22,40.407,-17.6,-35.8,-2.4,304394,0
2026-02-02T13:33:57.576924+00:00,4289120,24,40.407,-19.5,-36.8,-3.3,294177,0
2026-02-02T13:34:57.581570+00:00,4291311,24,40.894,-19.6,-36.4,-6.9,302893,0
2026-02-02T13:35:57.586160+00:00,4293504,22,39.92,-18.4,-34.8,-3.2,295551,0
2026-02-02T13:36:57.590554+00:00,4295692,22,40.407,-20.6,-36.2,-4.2,337348,0
2026-02-02T13:37:57.595243+00:00,4297881,23,40.894,-22.6,-37.7,-7.9,278872,0
2026-02-02T13:38:57.599760+00:00,4300073,25,39.92,-21.8,-37.7,-6.7,301925,0
2026-02-02T13:39:57.607763+00:00,4302268,25,39.92,-20.2,-36.8,-1.2,292370,0
2026-02-02T13:40:57.611800+00:00,4304463,23,39.92,-18.6,-35.8,-2.0,280932,0
2026-02-02T13:41:57.617050+00:00,4306661,24,39.92,-18.2,-36.1,-2.0,269204,0
2026-02-02T13:42:57.622396+00:00,4308856,25,39.92,-16.9,-35.2,-1.0,260463,0
2026-02-02T13:43:57.626910+00:00,4311051,26,40.894,-18.2,-36.6,-1.2,260041,0
2026-02-02T13:44:57.630815+00:00,4313246,27,40.407,-15.6,-33.9,-1.0,261060,0
2026-02-02T13:45:57.635407+00:00,4315441,25,39.92,-15.6,-34.2,-1.5,282028,0
2026-02-02T13:46:57.643024+00:00,4317633,25,40.894,-14.2,-32.8,-1.2,281769,0
2026-02-02T13:47:57.650485+00:00,4319828,24,40.407,-14.6,-34.0,-1.8,265700,0
2026-02-02T13:48:57.654616+00:00,4322018,22,40.894,-16.1,-34.5,-1.9,222916,0
2026-02-02T13:49:57.659645+00:00,4324211,22,39.433,-18.9,-36.3,-6.3,302336,0
2026-02-02T13:50:57.663563+00:00,4326402,23,39.92,-19.1,-36.7,-5.3,302191,0
2026-02-02T13:51:57.671057+00:00,4328595,25,40.407,-18.6,-36.2,-3.0,246852,0
2026-02-02T13:52:57.674939+00:00,4330790,22,39.92,-17.5,-36.0,-1.0,322982,0
2026-02-02T13:53:57.679540+00:00,4332982,23,40.407,-18.4,-36.9,-1.2,317977,0
2026-02-02T13:54:57.683756+00:00,4335166,24,40.894,-19.5,-36.8,-3.2,309092,0
2026-02-02T13:55:57.691365+00:00,4337357,24,40.894,-17.8,-36.4,-3.0,298924,0
2026-02-02T13:56:57.696446+00:00,4339552,25,40.894,-15.1,-35.0,-1.9,288925,0
2026-02-02T13:57:57.704532+00:00,4341742,28,40.894,-14.5,-34.6,-1.7,295043,0
2026-02-02T13:58:57.708983+00:00,4343937,30,40.894,-16.1,-35.3,-2.6,285952,0
2026-02-02T13:59:57.717222+00:00,4346133,29,40.894,-16.2,-34.9,-4.9,277390,0
2026-02-02T14:00:57.721732+00:00,4348327,28,39.92,-17.4,-35.8,-5.4,267541,0
2026-02-02T14:01:57.726623+00:00,4350523,28,39.92,-17.7,-35.8,-4.6,264685,0
2026-02-02T14:02:57.730506+00:00,4352716,25,40.894,-17.6,-35.8,-3.9,262676,0
2026-02-02T14:03:57.735819+00:00,4354908,26,40.407,-17.9,-35.8,-4.0,324554,0
2026-02-02T14:04:57.739955+00:00,4357102,26,41.381,-17.8,-35.9,-4.3,315922,0
2026-02-02T14:05:57.744495+00:00,4359299,26,40.894,-19.0,-36.1,-4.2,305963,0
2026-02-02T14:06:57.748570+00:00,4361495,26,40.407,-19.2,-36.6,-4.6,295670,0
2026-02-02T14:07:57.753408+00:00,4363688,27,40.894,-18.8,-36.8,-1.3,285925,0
2026-02-02T14:08:57.757346+00:00,4365881,27,40.894,-19.9,-36.9,-2.6,283129,0
2026-02-02T14:09:57.762326+00:00,4368075,25,39.92,-18.6,-36.3,-1.1,296252,0
2026-02-02T14:10:57.766979+00:00,4370268,27,40.407,-18.2,-36.0,-1.0,269808,0
2026-02-02T14:11:57.771683+00:00,4372463,24,40.407,-19.0,-36.3,-2.5,266590,0
2026-02-02T14:12:57.775632+00:00,4374656,24,40.894,-18.7,-36.4,-2.3,263999,0
2026-02-02T14:13:57.780500+00:00,4376850,24,40.894,-18.7,-36.6,-5.7,262278,0
2026-02-02T14:14:57.784627+00:00,4379044,24,40.894,-18.5,-36.8,-5.0,318000,0
2026-02-02T14:15:57.789231+00:00,4381239,25,40.407,-17.1,-35.9,-3.7,307451,0
2026-02-02T14:16:57.793236+00:00,4383434,25,41.381,-16.1,-35.6,-3.9,296124,0
2026-02-02T14:17:57.798389+00:00,4385626,26,40.407,-13.0,-33.7,-1.3,285600,0
2026-02-02T14:18:57.802316+00:00,4387812,25,40.407,-11.8,-31.4,-1.0,275486,0
2026-02-02T14:19:57.807083+00:00,4390002,26,39.92,-13.8,-31.4,-1.0,265717,0
2026-02-02T14:20:57.811035+00:00,4392191,26,41.381,-13.7,-32.1,-1.0,256344,0
2026-02-02T14:21:57.815934+00:00,4394384,24,41.381,-13.6,-34.1,-1.1,247793,0
2026-02-02T14:22:57.820403+00:00,4396575,25,40.407,-15.0,-34.6,-2.2,297042,0
2026-02-02T14:23:57.826782+00:00,4398769,25,40.407,-14.2,-33.8,-2.4,293309,0
2026-02-02T14:24:57.830868+00:00,4400962,26,40.407,-16.0,-34.7,-2.2,288466,0
2026-02-02T14:25:57.835557+00:00,4403153,25,40.407,-17.2,-35.9,-1.6,283212,0
2026-02-02T14:26:57.839734+00:00,4405350,24,39.92,-15.9,-32.6,-0.9,278740,0
2026-02-02T14:27:57.844434+00:00,4407541,24,39.92,-14.2,-31.5,-0.9,274115,0
2026-02-02T14:28:57.848749+00:00,4409733,25,39.92,-15.3,-34.6,-1.1,209496,0
2026-02-02T14:29:57.856338+00:00,4411922,25,40.894,-17.0,-36.0,-2.5,207847,0
2026-02-02T14:30:57.860489+00:00,4414110,25,40.894,-20.9,-38.0,-7.5,207804,0
2026-02-02T14:31:57.868722+00:00,4416302,25,39.433,-20.8,-37.5,-4.6,270667,0
2026-02-02T14:32:57.872738+00:00,4418495,25,41.381,-18.1,-36.8,-1.2,265945,0
2026-02-02T14:33:57.877237+00:00,4420686,22,41.868,-19.6,-37.4,-2.7,257580,0
2026-02-02T14:34:57.882147+00:00,4422878,22,40.894,-18.0,-36.4,-1.8,249329,0
2026-02-02T14:35:57.886855+00:00,4425068,21,40.894,-17.4,-35.8,-1.1,262050,0
2026-02-02T14:36:57.890949+00:00,4427260,21,40.894,-15.2,-32.4,-1.0,234830,0
2026-02-02T14:37:57.899182+00:00,4429455,22,40.894,-13.2,-32.2,-1.1,229688,0
2026-02-02T14:38:57.903250+00:00,4431648,21,39.92,-13.5,-33.6,-1.1,223258,0
2026-02-02T14:39:57.911092+00:00,4433839,22,41.381,-12.9,-31.4,-0.9,218496,0
2026-02-02T14:40:57.915290+00:00,4436034,22,40.407,-12.9,-31.8,-1.0,214446,0
2026-02-02T14:41:57.919638+00:00,4438225,25,39.92,-12.1,-32.8,-1.2,191795,0
2026-02-02T14:42:57.923676+00:00,4440415,26,39.92,-13.2,-33.4,-1.2,213537,0
2026-02-02T14:43:57.927994+00:00,4442606,25,39.92,-13.1,-32.0,-0.9,215548,0
2026-02-02T14:44:57.932104+00:00,4444801,25,40.894,-12.3,-31.7,-0.9,257712,0
2026-02-02T14:45:57.936933+00:00,4446994,28,39.92,-11.6,-32.1,-0.9,251426,0
2026-02-02T14:46:57.941405+00:00,4449191,25,39.433,-12.5,-32.8,-1.6,169296,0
2026-02-02T14:47:57.946056+00:00,4451384,24,40.407,-13.4,-33.2,-1.2,181578,0
2026-02-02T14:48:57.950016+00:00,4453578,27,39.433,-13.1,-33.1,-1.6,197138,0
2026-02-02T14:49:57.954575+00:00,4455771,26,40.407,-13.7,-33.2,-1.4,208414,0
2026-02-02T14:50:57.958564+00:00,4457969,25,40.407,-14.7,-33.9,-1.5,204831,0
2026-02-02T14:51:57.963624+00:00,4460162,28,40.407,-15.6,-34.1,-1.8,228607,0
2026-02-02T14:52:57.967729+00:00,4462356,28,39.433,-14.7,-33.9,-1.3,225732,0
2026-02-02T14:53:57.972685+00:00,4464550,27,40.407,-15.4,-34.5,-1.7,237531,0
2026-02-02T14:54:57.976678+00:00,4466746,26,39.433,-16.1,-34.6,-1.0,246516,0
2026-02-02T14:55:57.981652+00:00,4468944,26,39.433,-14.8,-32.6,-0.9,265381,0
2026-02-02T14:56:57.986225+00:00,4471136,25,39.433,-16.0,-34.7,-1.2,241452,0
2026-02-02T14:57:57.991313+00:00,4473329,25,40.407,-17.6,-36.5,-3.1,287763,0
2026-02-02T14:58:57.995442+00:00,4475513,25,41.381,-20.0,-38.0,-7.6,269527,0
2026-02-02T14:59:58.000421+00:00,4477683,26,39.92,-20.9,-38.6,-9.2,278274,0
2026-02-02T15:00:58.004757+00:00,4479865,25,40.407,-21.7,-39.0,-9.1,220648,0
2026-02-02T15:01:58.010504+00:00,4482036,25,40.407,-20.0,-37.8,-4.0,233931,0
2026-02-02T15:02:58.015170+00:00,4484222,25,39.433,-17.2,-36.2,-1.6,247846,0
2026-02-02T15:03:58.023239+00:00,4486414,25,40.407,-14.2,-35.0,-1.5,248785,0
2026-02-02T15:04:58.027693+00:00,4488602,24,40.407,-14.3,-35.7,-1.7,271965,0
2026-02-02T15:05:58.032453+00:00,4490787,22,39.92,-13.3,-34.0,-1.0,283178,0
2026-02-02T15:06:58.036424+00:00,4492968,21,39.92,-13.6,-34.2,-0.9,228785,0
2026-02-02T15:07:58.041871+00:00,4495142,20,39.92,-14.7,-35.2,-2.1,241439,0
2026-02-02T15:08:58.046969+00:00,4497321,20,39.92,-15.0,-36.1,-1.4,249260,0
2026-02-02T15:09:58.055275+00:00,4499491,17,40.407,-15.4,-33.7,-0.9,227638,0
2026-02-02T15:10:58.059530+00:00,4501655,18,40.407,-13.6,-32.6,-0.8,213513,0
2026-02-02T15:11:58.064953+00:00,4503831,18,40.407,-14.7,-34.5,-2.9,226292,0
2026-02-02T15:12:58.069707+00:00,4506016,19,40.894,-14.1,-34.1,-4.1,235103,0
2026-02-02T15:13:58.074916+00:00,4508198,20,40.407,-14.3,-34.6,-2.5,242181,0
2026-02-02T15:14:58.079734+00:00,4510365,20,40.894,-12.3,-33.9,-2.3,135899,0
2026-02-02T15:15:58.086494+00:00,4512548,22,39.92,-13.7,-34.2,-1.2,244913,0
2026-02-02T15:16:58.091040+00:00,4514716,24,40.407,-12.7,-33.1,-0.9,264529,0
2026-02-02T15:17:58.096129+00:00,4516894,23,40.407,-14.7,-30.0,-0.8,264283,0
2026-02-02T15:18:58.101122+00:00,4519075,22,41.381,-14.3,-34.0,-1.0,249758,0
2026-02-02T15:19:58.107520+00:00,4521263,22,40.894,-17.4,-35.9,-1.8,206653,0
2026-02-02T15:20:58.111821+00:00,4523445,21,40.894,-18.6,-37.2,-3.0,219543,0
2026-02-02T15:21:58.117319+00:00,4525629,21,40.407,-19.6,-37.5,-2.4,232023,0
2026-02-02T15:22:58.121532+00:00,4527822,22,39.92,-21.3,-37.7,-3.7,246768,0
2026-02-02T15:23:58.129884+00:00,4530008,21,41.381,-20.2,-37.5,-1.7,258936,0
2026-02-02T15:24:58.134940+00:00,4532202,24,40.407,-20.1,-37.4,-1.6,267583,0
2026-02-02T15:25:58.140181+00:00,4534394,25,39.92,-20.2,-37.5,-3.9,290703,0
2026-02-02T15:26:58.146829+00:00,4536582,25,39.92,-19.9,-37.3,-7.4,289767,0
2026-02-02T15:27:58.152271+00:00,4538767,24,40.894,-17.7,-36.2,-1.7,262957,0
2026-02-02T15:28:58.160624+00:00,4540938,23,39.92,-16.4,-35.5,-1.4,318427,0
2026-02-02T15:29:58.165634+00:00,4543121,25,39.433,-17.5,-35.7,-2.7,237912,0
2026-02-02T15:30:58.171740+00:00,4545298,22,40.407,-16.1,-35.3,-1.8,238533,0
2026-02-02T15:31:58.177313+00:00,4547478,20,40.894,-12.7,-32.4,-1.0,253924,0
2026-02-02T15:32:58.183423+00:00,4549652,20,40.894,-12.0,-30.5,-0.9,239642,0
2026-02-02T15:33:58.189015+00:00,4551826,23,41.381,-10.9,-31.1,-0.9,242306,0
2026-02-02T15:34:58.194723+00:00,4554018,22,39.92,-11.6,-31.8,-1.0,290372,0
2026-02-02T15:35:58.200212+00:00,4556202,22,41.381,-11.8,-32.2,-1.1,286931,0
2026-02-02T15:36:58.205865+00:00,4558395,22,40.407,-13.6,-29.4,-1.0,273687,0
2026-02-02T15:37:58.211021+00:00,4560582,21,39.92,-13.5,-32.3,-0.9,260755,0
2026-02-02T15:38:58.217157+00:00,4562770,22,40.894,-15.2,-34.7,-1.6,247454,0
2026-02-02T15:39:58.222532+00:00,4564957,24,39.433,-14.9,-34.9,-1.0,234115,0
2026-02-02T15:40:58.226822+00:00,4567151,22,41.381,-13.9,-32.8,-0.8,220949,0
2026-02-02T15:41:58.232020+00:00,4569338,21,39.92,-12.9,-32.3,-0.9,207840,0
2026-02-02T15:42:58.236857+00:00,4571513,21,41.381,-13.4,-31.3,-0.9,208994,0
2026-02-02T15:43:58.241707+00:00,4573671,21,39.92,-13.7,-34.1,-1.0,219529,0
2026-02-02T15:44:58.249408+00:00,4575820,20,41.868,-15.7,-36.6,-3.5,247858,0
2026-02-02T15:45:58.254497+00:00,4578001,19,41.381,-19.5,-38.1,-7.6,254909,0
2026-02-02T15:46:58.261483+00:00,4580167,21,41.381,-19.7,-38.2,-7.9,271904,0
2026-02-02T15:47:58.266664+00:00,4582338,19,40.407,-19.6,-38.3,-8.7,308505,0
2026-02-02T15:48:58.270816+00:00,4584503,21,41.381,-19.5,-38.6,-10.1,296737,0
2026-02-02T15:49:58.276599+00:00,4586678,18,40.894,-20.4,-38.7,-5.2,282287,0
2026-02-02T15:50:58.281159+00:00,4588851,20,39.433,-19.2,-38.4,-1.6,267894,0
2026-02-02T15:51:58.286684+00:00,4591022,18,40.407,-17.7,-36.9,-1.4,253355,0
2026-02-02T15:52:58.290921+00:00,4593204,18,40.407,-16.8,-36.7,-1.8,243839,0
2026-02-02T15:53:58.299182+00:00,4595385,19,40.894,-15.5,-35.3,-1.1,244992,0
2026-02-02T15:54:58.303798+00:00,4597547,20,40.407,-12.7,-33.6,-1.1,264360,0
2026-02-02T15:55:58.309289+00:00,4599725,21,41.868,-13.5,-33.6,-1.2,234517,0
2026-02-02T15:56:58.315021+00:00,4601909,20,40.407,-12.3,-33.3,-1.0,209921,0
2026-02-02T15:57:58.320048+00:00,4604091,20,40.407,-12.9,-33.2,-1.1,224030,0
2026-02-02T15:58:58.324552+00:00,4606276,20,40.894,-12.7,-32.9,-1.4,238152,0
2026-02-02T15:59:58.330587+00:00,4608465,20,40.894,-13.6,-32.8,-1.1,252400,0
2026-02-02T16:00:58.335152+00:00,4610651,19,41.381,-13.9,-33.1,-2.3,266736,0
2026-02-02T16:01:58.340051+00:00,4612838,18,40.407,-14.7,-34.1,-1.1,272447,0
2026-02-02T16:02:58.344565+00:00,4615022,17,40.894,-13.7,-31.1,-0.8,284127,0
2026-02-02T16:03:58.416392+00:00,4617211,16,39.92,-14.2,-30.9,-0.7,287733,0
2026-02-02T16:04:58.420656+00:00,4619374,15,41.381,-14.0,-31.2,-0.8,135173,0
2026-02-02T16:05:58.425290+00:00,4621538,14,39.92,-14.0,-33.1,-0.8,175933,0
2026-02-02T16:06:58.429325+00:00,4623692,15,41.381,-14.3,-35.2,-1.0,167954,0
2026-02-02T16:07:58.434136+00:00,4625852,15,41.381,-15.2,-36.0,-1.0,262133,0
2026-02-02T16:08:58.438093+00:00,4627990,16,39.92,-14.5,-33.7,-0.9,259432,0
2026-02-02T16:09:58.442680+00:00,4630152,15,41.381,-15.4,-36.0,-1.0,204259,0
2026-02-02T16:10:58.447209+00:00,4632316,17,40.894,-14.3,-34.2,-1.0,218882,0
2026-02-02T16:11:58.451888+00:00,4634444,17,39.433,-14.8,-36.2,-1.1,233595,0
2026-02-02T16:12:58.455969+00:00,4636563,17,40.894,-18.6,-38.6,-5.5,247642,0
2026-02-02T16:13:58.460969+00:00,4638701,17,40.407,-19.8,-39.2,-7.9,263618,0
2026-02-02T16:14:58.465002+00:00,4640788,16,40.407,-21.4,-39.7,-11.1,264070,0
2026-02-02T16:15:58.469997+00:00,4642904,15,40.894,-20.5,-38.9,-4.4,281165,0
2026-02-02T16:16:58.474432+00:00,4644989,15,39.92,-17.4,-38.5,-0.9,303483,0
2026-02-02T16:17:58.479628+00:00,4647141,13,40.407,-16.3,-37.7,-1.0,234995,0
2026-02-02T16:18:58.483512+00:00,4649288,14,40.407,-14.4,-33.0,-0.7,178121,0
2026-02-02T16:19:58.488098+00:00,4651421,13,40.894,-12.7,-30.7,-0.8,187414,0
2026-02-02T16:20:58.492079+00:00,4653569,13,41.381,-12.5,-33.5,-0.9,286795,0
2026-02-02T16:21:58.497060+00:00,4655689,13,41.381,-14.1,-35.7,-1.4,289784,0
2026-02-02T16:22:58.501721+00:00,4657826,13,40.407,-16.5,-37.3,-5.4,222694,0
2026-02-02T16:23:58.506311+00:00,4659947,14,40.407,-14.8,-36.9,-1.3,304630,0
2026-02-02T16:24:58.510489+00:00,4662029,15,39.92,-13.2,-36.5,-1.8,295628,0
2026-02-02T16:25:58.515236+00:00,4664097,16,39.92,-13.0,-36.8,-4.5,288488,0
2026-02-02T16:26:58.523883+00:00,4666147,16,39.92,-13.1,-37.1,-4.6,278873,0
2026-02-02T16:27:58.528588+00:00,4668275,13,39.92,-13.3,-37.1,-3.9,269617,0
2026-02-02T16:28:58.532604+00:00,4670369,17,39.433,-15.7,-38.4,-6.3,260857,0
2026-02-02T16:29:58.540045+00:00,4672480,14,40.407,-17.6,-39.4,-8.8,252602,0
2026-02-02T16:30:58.543987+00:00,4674563,13,39.433,-19.8,-40.0,-12.3,244885,0
2026-02-02T16:31:58.548745+00:00,4676659,14,39.92,-20.9,-40.2,-14.1,237729,0
2026-02-02T16:32:58.552981+00:00,4678754,13,39.92,-22.3,-40.4,-7.9,231234,0
2026-02-02T16:33:58.557595+00:00,4680845,13,39.92,-17.1,-38.9,-1.9,230306,0
2026-02-02T16:34:58.561864+00:00,4682927,12,39.433,-18.4,-39.4,-3.4,41412,0
2026-02-02T16:35:58.566806+00:00,4685039,13,39.433,-21.6,-40.0,-7.1,250203,0
2026-02-02T16:36:58.570707+00:00,4687157,12,39.92,-19.8,-39.3,-2.3,238205,0
2026-02-02T16:37:58.575704+00:00,4689247,12,39.433,-19.0,-38.9,-1.2,280545,0
2026-02-02T16:38:58.579690+00:00,4691312,16,39.92,-12.8,-36.0,-1.1,293403,0
2026-02-02T16:39:58.584914+00:00,4693307,14,39.92,-10.4,-34.3,-1.1,301106,0
2026-02-02T16:40:58.588951+00:00,4695382,15,39.92,-12.4,-35.4,-1.2,295152,0
2026-02-02T16:41:58.593445+00:00,4697429,11,39.92,-12.6,-35.5,-1.4,282120,0
2026-02-02T16:42:58.597758+00:00,4699487,11,40.407,-13.7,-36.1,-1.2,268703,0
2026-02-02T16:43:58.602219+00:00,4701518,9,39.92,-15.5,-37.5,-2.6,255212,0
2026-02-02T16:44:58.606169+00:00,4703595,9,39.433,-17.2,-37.8,-2.6,241825,0
2026-02-02T16:45:58.610868+00:00,4705710,10,40.407,-18.7,-38.9,-7.3,52318,0
2026-02-02T16:46:58.614887+00:00,4707798,10,41.868,-20.9,-39.6,-9.3,51168,0
2026-02-02T16:47:58.619440+00:00,4709876,8,39.92,-20.8,-39.7,-13.6,56743,0
2026-02-02T16:48:58.626545+00:00,4711978,8,39.92,-22.1,-40.2,-15.3,69997,0
2026-02-02T16:49:58.631247+00:00,4714067,9,39.92,-22.6,-40.5,-15.5,83721,0
2026-02-02T16:50:58.635321+00:00,4716180,9,39.433,-22.5,-40.3,-14.1,97553,0
2026-02-02T16:51:58.642818+00:00,4718268,8,40.407,-21.4,-40.1,-13.8,110929,0
2026-02-02T16:52:58.646755+00:00,4720332,9,40.894,-20.0,-39.6,-12.0,125234,0
2026-02-02T16:53:58.651334+00:00,4722316,9,39.92,-19.5,-39.9,-11.2,140392,0
2026-02-02T16:54:58.655386+00:00,4724298,8,38.946,-18.1,-39.7,-11.2,154700,0
2026-02-02T16:55:58.659806+00:00,4726269,9,40.407,-19.2,-40.1,-11.3,160297,0
2026-02-02T16:56:58.663699+00:00,4728099,9,39.92,-19.1,-40.3,-10.0,174022,0
2026-02-02T16:57:58.668295+00:00,4729737,10,39.433,-19.5,-40.7,-11.2,195818,0
2026-02-02T16:58:58.674964+00:00,4731281,8,39.92,-16.1,-40.0,-8.7,210297,0
2026-02-02T16:59:58.679487+00:00,4732764,10,39.92,-16.0,-40.0,-7.3,220284,0
2026-02-02T17:00:58.683509+00:00,4734178,8,40.407,-17.0,-40.1,-8.2,150817,0
2026-02-02T17:01:58.688055+00:00,4735422,8,40.407,-18.9,-40.8,-8.8,161547,0
2026-02-02T17:02:58.692137+00:00,4737020,7,39.92,-21.9,-41.0,-10.5,269366,0
2026-02-02T17:03:58.697656+00:00,4738662,7,40.407,-20.0,-40.6,-11.7,262077,0
2026-02-02T17:04:58.701534+00:00,4740422,7,39.92,-19.9,-40.7,-13.2,253460,0
2026-02-02T17:05:58.706400+00:00,4742118,7,40.894,-18.1,-40.2,-10.9,245716,0
2026-02-02T17:06:58.710470+00:00,4743895,8,40.407,-16.1,-39.2,-7.8,238425,0
2026-02-02T17:07:58.715108+00:00,4745537,7,40.407,-14.6,-38.8,-6.6,231752,0
2026-02-02T17:08:58.719028+00:00,4747144,8,39.433,-13.6,-38.3,-5.1,260243,0
2026-02-02T17:09:58.723893+00:00,4748914,8,39.92,-9.6,-36.6,-3.9,252215,0
2026-02-02T17:10:58.728617+00:00,4750718,8,39.92,-9.8,-36.3,-2.6,264562,0
2026-02-02T17:11:58.733637+00:00,4752576,8,39.92,-10.6,-36.1,-1.8,276058,0
2026-02-02T17:12:58.738563+00:00,4754293,7,39.92,-10.0,-34.4,-0.9,199283,0
2026-02-02T17:13:58.743846+00:00,4756115,6,39.92,-8.6,-33.3,-0.9,66721,0
2026-02-02T17:14:58.748406+00:00,4757903,6,39.92,-10.9,-36.9,-1.6,59931,0
2026-02-02T17:15:58.753017+00:00,4759799,6,39.92,-12.6,-37.7,-3.3,52193,0
2026-02-02T17:16:58.756895+00:00,4761716,9,39.92,-15.6,-38.9,-8.6,138636,0
2026-02-02T17:17:58.761315+00:00,4763752,10,40.407,-17.9,-39.0,-7.9,138019,0
2026-02-02T17:18:58.765281+00:00,4765748,10,39.92,-16.5,-38.0,-3.0,125899,0
2026-02-02T17:19:58.770626+00:00,4767767,11,40.407,-15.0,-36.9,-2.0,115613,0
2026-02-02T17:20:58.774811+00:00,4769887,12,41.381,-17.7,-37.8,-3.5,105381,0
2026-02-02T17:21:58.779790+00:00,4772014,11,40.894,-15.9,-37.3,-1.3,96217,0
2026-02-02T17:22:58.785958+00:00,4774164,12,40.407,-17.3,-37.8,-1.5,87428,0
2026-02-02T17:23:58.790670+00:00,4776299,11,39.92,-17.3,-38.5,-3.2,55908,0
2026-02-02T17:24:58.794610+00:00,4778430,11,40.894,-19.3,-39.4,-4.4,70294,0
2026-02-02T17:25:58.799419+00:00,4780528,12,40.894,-20.3,-39.7,-6.1,62753,0
2026-02-02T17:26:58.803295+00:00,4782591,12,41.381,-20.2,-39.8,-9.4,52659,0
2026-02-02T17:27:58.808033+00:00,4784665,13,40.894,-20.1,-39.3,-6.2,218656,0
2026-02-02T17:28:58.812449+00:00,4786686,15,39.92,-17.0,-37.9,-2.7,210744,0
2026-02-02T17:29:58.817228+00:00,4788766,15,39.92,-15.6,-37.0,-1.1,287939,0
2026-02-02T17:30:58.821740+00:00,4790840,14,40.894,-13.2,-35.7,-0.7,184142,0
2026-02-02T17:31:58.826230+00:00,4792950,15,40.894,-10.2,-33.6,-1.0,170162,0
2026-02-02T17:32:58.833208+00:00,4795026,15,39.433,-9.9,-33.0,-1.7,246754,0
2026-02-02T17:33:58.838390+00:00,4797141,15,40.894,-11.7,-34.7,-2.9,190946,0
2026-02-02T17:34:58.842520+00:00,4799246,13,40.894,-13.4,-35.8,-4.5,202973,0
2026-02-02T17:35:58.846909+00:00,4801364,14,39.433,-16.1,-37.4,-6.4,215207,0
2026-02-02T17:36:58.850819+00:00,4803460,13,39.92,-16.4,-37.5,-6.0,241079,0
2026-02-02T17:37:58.855992+00:00,4805595,13,40.407,-16.3,-37.0,-6.6,227550,0
2026-02-02T17:38:58.860379+00:00,4807708,14,39.92,-14.9,-36.6,-1.9,207318,0
2026-02-02T17:39:58.865018+00:00,4809832,14,40.894,-12.6,-35.3,-1.1,200107,0
2026-02-02T17:40:58.868938+00:00,4811974,14,40.894,-12.5,-34.0,-1.0,7663,0
2026-02-02T17:41:58.873670+00:00,4814133,14,40.407,-12.9,-34.5,-2.6,62923,0
2026-02-02T17:42:58.877565+00:00,4816284,16,40.407,-13.1,-35.1,-3.1,94441,0
2026-02-02T17:43:58.881894+00:00,4818448,17,39.433,-10.8,-33.3,-1.1,174568,0
2026-02-02T17:44:58.886483+00:00,4820597,15,39.92,-11.5,-33.7,-1.3,179935,0
2026-02-02T17:45:58.891377+00:00,4822762,16,38.946,-11.0,-33.3,-1.5,206299,0
2026-02-02T17:46:58.895708+00:00,4824929,16,40.407,-11.7,-33.3,-1.0,193833,0
2026-02-02T17:47:58.900887+00:00,4827099,16,40.407,-12.5,-34.0,-1.1,68525,0
2026-02-02T17:48:58.907464+00:00,4829257,18,38.946,-13.7,-34.3,-1.7,65660,0
2026-02-02T17:49:58.912022+00:00,4831399,19,40.407,-14.4,-35.5,-3.2,56627,0
2026-02-02T17:50:58.916015+00:00,4833572,18,40.894,-14.6,-35.3,-3.5,55162,0
2026-02-02T17:51:58.920979+00:00,4835753,21,38.946,-13.1,-34.0,-1.1,52488,0
2026-02-02T17:52:58.927323+00:00,4837932,18,40.407,-13.9,-34.6,-1.3,47875,0
2026-02-02T17:53:58.932134+00:00,4840109,18,39.92,-14.1,-35.1,-2.5,43289,0
2026-02-02T17:54:58.936023+00:00,4842263,17,39.92,-14.5,-35.7,-3.3,37591,0
2026-02-02T17:55:58.942225+00:00,4844420,15,40.894,-13.4,-35.2,-3.0,38619,0
2026-02-02T17:56:58.946180+00:00,4846596,14,39.433,-16.5,-37.2,-3.0,107321,0
2026-02-02T17:57:58.950631+00:00,4848762,16,40.407,-20.0,-38.6,-6.4,107201,0
2026-02-02T17:58:58.954529+00:00,4850910,15,40.407,-18.4,-38.3,-1.8,94358,0
2026-02-02T17:59:58.958810+00:00,4853055,15,39.92,-17.2,-37.6,-1.3,77068,0
2026-02-02T18:00:58.962674+00:00,4855144,15,39.92,-18.5,-38.9,-3.3,69434,0
2026-02-02T18:01:58.967064+00:00,4857213,14,39.92,-19.8,-39.6,-3.1,63564,0
2026-02-02T18:02:58.971212+00:00,4859294,12,39.92,-21.5,-39.9,-9.0,55433,0
2026-02-02T18:03:58.975807+00:00,4861310,14,39.92,-19.7,-39.5,-11.3,198760,0
2026-02-02T18:04:58.979780+00:00,4863273,14,40.407,-20.3,-39.9,-13.3,213389,0
2026-02-02T18:05:58.984634+00:00,4865144,14,40.407,-18.6,-39.7,-12.7,89644,0
2026-02-02T18:06:58.988506+00:00,4866930,14,40.407,-16.3,-39.3,-9.0,79875,0
2026-02-02T18:07:58.993218+00:00,4868595,16,40.407,-16.0,-39.4,-8.2,72916,0
2026-02-02T18:08:58.997249+00:00,4870378,15,40.894,-15.2,-38.2,-4.9,65403,0
2026-02-02T18:09:59.002700+00:00,4872139,13,39.92,-10.3,-35.6,-2.4,61576,0
2026-02-02T18:10:59.007361+00:00,4874038,13,40.894,-10.5,-35.3,-2.1,107647,0
2026-02-02T18:11:59.012113+00:00,4875906,14,39.433,-11.9,-36.5,-3.7,109110,0
2026-02-02T18:12:59.016327+00:00,4877878,13,40.894,-13.9,-37.4,-3.6,204633,0
2026-02-02T18:13:59.021103+00:00,4879835,12,39.92,-14.1,-37.4,-4.7,113169,0
2026-02-02T18:14:59.025116+00:00,4881821,12,40.407,-14.9,-37.9,-4.6,115701,0
2026-02-02T18:15:59.029871+00:00,4883850,12,39.92,-16.4,-38.1,-6.3,118585,0
2026-02-02T18:16:59.035471+00:00,4885777,12,39.433,-15.9,-37.8,-6.9,121817,0
2026-02-02T18:17:59.040136+00:00,4887814,11,40.894,-16.3,-37.9,-6.5,122339,0
2026-02-02T18:18:59.044245+00:00,4889771,11,40.894,-16.1,-38.2,-4.3,25289,0
2026-02-02T18:19:59.048995+00:00,4891650,11,38.946,-14.1,-37.2,-4.6,21973,0
2026-02-02T18:20:59.056456+00:00,4893632,11,40.407,-12.1,-36.4,-4.1,15355,0
2026-02-02T18:21:59.061493+00:00,4895617,11,40.894,-11.2,-35.5,-2.0,15913,0
2026-02-02T18:22:59.066317+00:00,4897672,12,40.894,-10.5,-33.8,-0.9,277669,0
2026-02-02T18:23:59.072072+00:00,4899744,12,39.92,-10.1,-31.8,-1.1,266830,0
2026-02-02T18:24:59.076608+00:00,4901795,12,38.946,-11.3,-34.3,-1.4,263321,0
2026-02-02T18:25:59.083790+00:00,4903821,11,39.92,-14.4,-37.1,-2.8,238269,0
2026-02-02T18:26:59.088740+00:00,4905850,11,39.433,-15.9,-37.7,-5.7,168054,0
2026-02-02T18:27:59.095358+00:00,4907941,11,39.92,-17.9,-38.5,-8.9,173572,0
2026-02-02T18:28:59.100044+00:00,4910019,12,40.407,-18.8,-38.9,-7.0,180922,0
2026-02-02T18:29:59.108112+00:00,4912137,11,39.433,-19.5,-38.4,-9.6,185958,0
2026-02-02T18:30:59.112637+00:00,4914252,12,40.407,-20.7,-38.2,-8.2,239811,0
2026-02-02T18:31:59.120478+00:00,4916362,12,40.894,-20.7,-39.2,-10.0,220836,0
2026-02-02T18:32:59.125705+00:00,4918487,10,40.894,-19.9,-38.5,-6.3,209962,0
2026-02-02T18:33:59.131804+00:00,4920563,10,40.407,-19.6,-37.9,-6.9,199850,0
2026-02-02T18:34:59.136637+00:00,4922660,10,39.92,-20.1,-38.8,-7.2,23018,0
2026-02-02T18:35:59.142141+00:00,4924766,10,39.92,-22.1,-39.8,-6.9,0,0
2026-02-02T18:36:59.146664+00:00,4926836,10,40.894,-21.8,-39.5,-6.9,26361,0
2026-02-02T18:37:59.152083+00:00,4928761,11,40.407,-24.5,-39.9,-9.6,32498,0
2026-02-02T18:38:59.158380+00:00,4930581,13,40.894,-22.4,-39.9,-2.9,124333,0
2026-02-02T18:39:59.164799+00:00,4932400,13,39.433,-17.5,-39.7,-1.3,130611,0
2026-02-02T18:40:59.170271+00:00,4934345,13,40.407,-17.8,-39.2,-1.2,137438,0
2026-02-02T18:41:59.176077+00:00,4936255,13,40.407,-16.5,-38.1,-4.2,144412,0
2026-02-02T18:42:59.180159+00:00,4938129,12,40.407,-13.0,-36.9,-1.5,153618,0
2026-02-02T18:43:59.185634+00:00,4939946,12,40.894,-13.2,-36.9,-2.5,160840,0
2026-02-02T18:44:59.190151+00:00,4941894,13,40.407,-14.1,-37.0,-3.0,166393,0
2026-02-02T18:45:59.194824+00:00,4943833,13,40.407,-13.0,-36.8,-3.2,171602,0
2026-02-02T18:46:59.200639+00:00,4945754,11,38.946,-12.1,-36.7,-4.7,177815,0
2026-02-02T18:47:59.205706+00:00,4947770,12,40.407,-12.4,-36.7,-4.1,253313,0
2026-02-02T18:48:59.209818+00:00,4949834,11,40.407,-13.2,-37.0,-5.0,253107,0
2026-02-02T18:49:59.214308+00:00,4951868,11,40.894,-12.8,-36.2,-3.8,234767,0
2026-02-02T18:50:59.246192+00:00,4953921,11,40.894,-15.9,-38.2,-6.1,219081,0
2026-02-02T18:51:59.252002+00:00,4955948,9,39.433,-16.5,-38.7,-9.1,206696,0
2026-02-02T18:52:59.256987+00:00,4957965,9,39.433,-17.3,-39.2,-11.2,201213,0
2026-02-02T18:53:59.262276+00:00,4959975,6,39.92,-19.4,-40.0,-12.4,190843,0
2026-02-02T18:54:59.266224+00:00,4961976,9,40.407,-23.2,-40.9,-12.9,192044,0
2026-02-02T18:55:59.271141+00:00,4963691,8,40.894,-23.6,-41.7,-7.7,172179,0
2026-02-02T18:56:59.304949+00:00,4965774,7,40.894,-19.5,-41.2,-2.6,10398,0
2026-02-02T18:57:59.309115+00:00,4967772,7,41.381,-19.9,-40.7,-3.6,16533,0
2026-02-02T18:58:59.313081+00:00,4969722,7,40.894,-21.8,-41.7,-5.0,21846,0
2026-02-02T18:59:59.317076+00:00,4971737,8,40.894,-25.1,-42.3,-12.1,265390,0
2026-02-02T19:00:59.321090+00:00,4973654,8,39.433,-25.7,-42.5,-13.1,259171,0
2026-02-02T19:01:59.324971+00:00,4975706,9,40.407,-27.2,-42.4,-16.9,141110,0
2026-02-02T19:02:59.328847+00:00,4977691,10,39.92,-25.1,-42.3,-9.8,220551,0
2026-02-02T19:03:59.332690+00:00,4979713,12,40.407,-23.2,-42.0,-7.2,216118,0
2026-02-02T19:04:59.337590+00:00,4981620,11,39.92,-22.3,-42.1,-7.2,131919,0
2026-02-02T19:05:59.342430+00:00,4983564,9,40.407,-22.2,-42.0,-6.5,123082,0
2026-02-02T19:06:59.346373+00:00,4985287,10,39.433,-18.5,-41.6,-5.5,109885,0
2026-02-02T19:07:59.350698+00:00,4987133,7,39.433,-21.7,-41.9,-11.7,106010,0
2026-02-02T19:08:59.354627+00:00,4988983,10,39.92,-21.8,-41.9,-12.1,97332,0
2026-02-02T19:09:59.358582+00:00,4990863,10,39.92,-23.4,-42.1,-15.7,88573,0
2026-02-02T19:10:59.362512+00:00,4992735,11,40.407,-23.8,-42.2,-17.9,80456,0
2026-02-02T19:11:59.366620+00:00,4994581,12,39.92,-24.2,-42.3,-16.7,281778,0
2026-02-02T19:12:59.370786+00:00,4996548,13,39.92,-21.8,-41.6,-6.3,272724,0
2026-02-02T19:13:59.374928+00:00,4998549,15,40.407,-18.0,-40.5,-2.9,263306,0
2026-02-02T19:14:59.378942+00:00,5000619,14,39.92,-19.1,-39.6,-2.6,219736,0
2026-02-02T19:15:59.383298+00:00,5002527,12,40.407,-17.2,-40.1,-2.2,67148,0
2026-02-02T19:16:59.389510+00:00,5004441,12,39.92,-18.2,-39.6,-1.9,249543,0
2026-02-02T19:17:59.395881+00:00,5006431,12,39.92,-13.7,-35.5,-1.6,251840,0
2026-02-02T19:18:59.399924+00:00,5008400,10,40.407,-17.1,-38.2,-3.5,44734,0
2026-02-02T19:19:59.404992+00:00,5010389,12,40.894,-19.2,-39.3,-8.0,38565,0
2026-02-02T19:20:59.409575+00:00,5012355,12,39.433,-17.7,-39.5,-2.3,33497,0
2026-02-02T19:21:59.413616+00:00,5014335,12,40.407,-18.8,-40.1,-2.4,266906,0
2026-02-02T19:22:59.417837+00:00,5016364,13,40.407,-19.2,-40.0,-2.6,266019,0
2026-02-02T19:23:59.422115+00:00,5018425,12,40.407,-17.4,-39.5,-1.6,257723,0
2026-02-02T19:24:59.426033+00:00,5020528,13,39.92,-14.6,-37.5,-1.2,249437,0
2026-02-02T19:25:59.429939+00:00,5022641,13,39.92,-14.5,-36.8,-1.7,241795,0
2026-02-02T19:26:59.435370+00:00,5024776,13,39.92,-15.4,-36.7,-2.0,17093,0
2026-02-02T19:27:59.439453+00:00,5026913,13,39.92,-18.4,-39.0,-6.2,22984,0
2026-02-02T19:28:59.443419+00:00,5029057,14,39.433,-19.8,-39.5,-7.1,243476,0
2026-02-02T19:29:59.447311+00:00,5031199,14,40.407,-18.3,-38.7,-2.1,236498,0
2026-02-02T19:30:59.451474+00:00,5033368,14,40.407,-18.4,-38.4,-5.8,278811,0
2026-02-02T19:31:59.455783+00:00,5035539,13,39.92,-17.2,-38.0,-5.3,209237,0
2026-02-02T19:32:59.459617+00:00,5037716,13,39.92,-18.6,-38.6,-7.1,195768,0
2026-02-02T19:33:59.463814+00:00,5039890,14,40.894,-18.9,-38.8,-6.7,182729,0
2026-02-02T19:34:59.467842+00:00,5042057,13,39.433,-19.6,-39.3,-6.2,170193,0
2026-02-02T19:35:59.472222+00:00,5044244,14,39.433,-21.1,-39.7,-7.6,158113,0
2026-02-02T19:36:59.478455+00:00,5046416,15,39.92,-20.4,-39.3,-6.5,266273,0
2026-02-02T19:37:59.534730+00:00,5048574,14,40.407,-20.4,-40.0,-9.3,266082,0
2026-02-02T19:38:59.539097+00:00,5050725,14,39.433,-23.3,-41.1,-11.6,282562,0
2026-02-02T19:39:59.543167+00:00,5052855,13,40.407,-23.9,-41.5,-12.9,213865,0
2026-02-02T19:40:59.547420+00:00,5054979,14,40.894,-25.2,-41.9,-16.2,200357,0
2026-02-02T19:41:59.552280+00:00,5057071,15,39.92,-24.4,-41.9,-15.1,263679,0
2026-02-02T19:42:59.556455+00:00,5059149,14,40.407,-25.2,-42.1,-16.6,260280,0
2026-02-02T19:43:59.562679+00:00,5061143,12,39.433,-25.3,-42.4,-17.3,163109,0
2026-02-02T19:44:59.566555+00:00,5063134,10,39.433,-24.3,-42.4,-15.6,151401,0
2026-02-02T19:45:59.573070+00:00,5065106,9,40.407,-23.5,-42.3,-14.7,140097,0
2026-02-02T19:46:59.577233+00:00,5067057,11,40.407,-25.2,-42.4,-14.7,129115,0
2026-02-02T19:47:59.581708+00:00,5068941,11,39.92,-25.9,-42.5,-15.7,118576,0
2026-02-02T19:48:59.585651+00:00,5070734,12,39.433,-22.7,-42.3,-12.4,171255,0
2026-02-02T19:49:59.589778+00:00,5072472,13,39.92,-21.7,-42.2,-11.2,168278,0
2026-02-02T19:50:59.595004+00:00,5074305,12,40.894,-21.0,-42.0,-11.7,88978,0
2026-02-02T19:51:59.598950+00:00,5076217,11,39.433,-20.8,-41.7,-11.2,177335,0
2026-02-02T19:52:59.603012+00:00,5078152,8,40.407,-18.1,-40.8,-6.2,185080,0
2026-02-02T19:53:59.609232+00:00,5080052,9,40.407,-15.9,-39.7,-3.8,190724,0
2026-02-02T19:54:59.614376+00:00,5081920,8,39.433,-15.6,-39.6,-5.4,54146,0
2026-02-02T19:55:59.622108+00:00,5083867,9,38.946,-18.3,-40.4,-8.2,99141,0
2026-02-02T19:56:59.626658+00:00,5085754,9,39.92,-17.5,-40.1,-7.4,307123,0
2026-02-02T19:57:59.630522+00:00,5087656,9,39.92,-14.2,-38.9,-6.7,295903,0
2026-02-02T19:58:59.634801+00:00,5089616,10,40.407,-14.2,-39.2,-6.7,287980,0
2026-02-02T19:59:59.638922+00:00,5091510,10,39.92,-15.8,-39.3,-6.4,277908,0
2026-02-02T20:00:59.642966+00:00,5093350,10,38.946,-14.7,-38.9,-6.5,268246,0
2026-02-02T20:01:59.646942+00:00,5095289,9,39.92,-17.1,-40.0,-7.8,259133,0
2026-02-02T20:02:59.650799+00:00,5097293,10,39.92,-18.2,-40.4,-4.8,250395,0
2026-02-02T20:03:59.724034+00:00,5099340,10,39.433,-17.1,-39.5,-1.9,242355,0
2026-02-02T20:04:59.728113+00:00,5101391,12,39.433,-18.4,-39.8,-3.4,234917,0
2026-02-02T20:05:59.732313+00:00,5103418,13,39.92,-20.0,-40.6,-6.9,274415,0
2026-02-02T20:06:59.736387+00:00,5105499,14,40.407,-19.3,-40.6,-2.4,39563,0
2026-02-02T20:07:59.740911+00:00,5107630,14,40.894,-20.4,-40.3,-3.6,34977,0
2026-02-02T20:08:59.744761+00:00,5109787,15,39.433,-19.6,-39.6,-3.7,262824,0
2026-02-02T20:09:59.750602+00:00,5111934,18,39.92,-17.5,-38.8,-2.5,256845,0
2026-02-02T20:10:59.754409+00:00,5114110,16,39.92,-19.5,-39.4,-2.1,152107,0
2026-02-02T20:11:59.758497+00:00,5116247,18,39.433,-14.6,-35.1,-1.2,161606,0
2026-02-02T20:12:59.762629+00:00,5118413,18,39.433,-15.5,-35.9,-2.5,164812,0
2026-02-02T20:13:59.766668+00:00,5120563,18,40.407,-16.3,-37.0,-1.7,178913,0
2026-02-02T20:14:59.771007+00:00,5122722,20,39.92,-18.9,-38.8,-1.9,195330,0
2026-02-02T20:15:59.775192+00:00,5124901,20,39.433,-20.1,-38.8,-7.6,196292,0
2026-02-02T20:16:59.779351+00:00,5127073,19,40.407,-21.3,-39.7,-7.8,139873,0
2026-02-02T20:17:59.783228+00:00,5129252,23,39.433,-21.9,-39.8,-10.1,129931,0
2026-02-02T20:18:59.787782+00:00,5131443,24,40.407,-22.4,-40.2,-12.0,252368,0
2026-02-02T20:19:59.794234+00:00,5133625,22,39.433,-22.7,-40.5,-14.9,220061,0
2026-02-02T20:20:59.798244+00:00,5135813,22,40.407,-23.2,-40.5,-13.3,207295,0
2026-02-02T20:21:59.802338+00:00,5137996,20,40.407,-23.9,-41.1,-13.5,92274,0
2026-02-02T20:22:59.806578+00:00,5140171,21,39.433,-21.5,-40.3,-7.0,178651,0
2026-02-02T20:23:59.810702+00:00,5142356,21,39.433,-22.1,-40.4,-10.0,304128,0
2026-02-02T20:24:59.814812+00:00,5144533,20,40.407,-21.2,-40.2,-6.8,297730,0
2026-02-02T20:25:59.818940+00:00,5146699,19,40.407,-19.8,-40.0,-7.4,284673,0
2026-02-02T20:26:59.823247+00:00,5148861,18,39.92,-21.3,-40.6,-9.0,271450,0
2026-02-02T20:27:59.827656+00:00,5151033,20,39.92,-22.4,-40.6,-9.8,139212,0
2026-02-02T20:28:59.832306+00:00,5153173,20,40.407,-20.5,-40.4,-4.0,132564,0
2026-02-02T20:29:59.836448+00:00,5155297,19,38.946,-20.5,-40.7,-6.2,138988,0
2026-02-02T20:30:59.840436+00:00,5157391,19,40.407,-20.3,-40.3,-8.3,133634,0
2026-02-02T20:31:59.844902+00:00,5159470,17,38.946,-20.1,-40.2,-10.2,122953,0
2026-02-02T20:32:59.851156+00:00,5161441,15,39.92,-19.4,-40.2,-8.3,107030,0
2026-02-02T20:33:59.858497+00:00,5163431,15,40.407,-17.8,-39.6,-8.3,101247,0
2026-02-02T20:34:59.862641+00:00,5165494,13,39.92,-16.3,-39.5,-7.8,91967,0
2026-02-02T20:35:59.866604+00:00,5167541,13,39.92,-17.4,-39.9,-7.5,84211,0
2026-02-02T20:36:59.870583+00:00,5169547,12,40.407,-15.7,-39.3,-7.8,76982,0
2026-02-02T20:37:59.874870+00:00,5171486,13,39.433,-17.0,-40.0,-8.0,70206,0
2026-02-02T20:38:59.878829+00:00,5173403,13,40.894,-19.5,-40.9,-10.7,64792,0
2026-02-02T20:39:59.882733+00:00,5175269,14,40.407,-23.5,-42.1,-14.8,59222,0
2026-02-02T20:40:59.887120+00:00,5177110,12,39.433,-22.9,-42.1,-15.6,214925,0
2026-02-02T20:41:59.891114+00:00,5178896,11,40.407,-23.6,-42.3,-16.3,48510,0
2026-02-02T20:42:59.895162+00:00,5180510,13,39.433,-25.6,-42.6,-16.3,48762,0
2026-02-02T20:43:59.901518+00:00,5182122,12,39.92,-23.6,-42.4,-14.8,176774,0
2026-02-02T20:44:59.905633+00:00,5183817,12,39.92,-25.2,-42.6,-20.3,48368,0
2026-02-02T20:45:59.909715+00:00,5185571,10,40.407,-29.0,-42.6,-18.7,54032,0
2026-02-02T20:48:35.686965+00:00,1244,10,42.355,-27.2,-42.3,-20.1,48673,0
2026-02-02T20:49:35.693733+00:00,2914,10,39.433,-27.6,-42.5,-19.8,117345,0
2026-02-02T20:50:35.706528+00:00,4733,8,39.433,-26.6,-42.5,-19.7,53518,0
2026-02-02T20:51:35.710674+00:00,6465,9,39.433,-24.7,-42.5,-18.0,177445,0
2026-02-02T20:52:35.714806+00:00,8293,9,39.433,-22.0,-42.1,-15.3,168676,0
2026-02-02T20:53:35.718860+00:00,10142,9,39.433,-24.0,-42.4,-15.1,79040,0
2026-02-02T20:54:35.723244+00:00,12079,9,38.946,-22.6,-42.3,-15.9,67337,0
2026-02-02T20:55:35.727469+00:00,13993,9,39.92,-24.0,-42.5,-17.4,82784,0
2026-02-02T20:56:35.731548+00:00,15802,11,39.92,-23.8,-42.5,-16.9,155038,0
2026-02-02T20:57:35.735407+00:00,17701,11,39.92,-23.7,-42.2,-11.4,148981,0
2026-02-02T20:58:35.739311+00:00,19645,12,39.433,-20.7,-41.0,-4.4,141932,0
2026-02-02T20:59:35.743184+00:00,21628,12,39.433,-14.8,-39.0,-2.2,125315,0
2026-02-02T21:00:35.747159+00:00,23710,13,39.433,-17.1,-39.1,-2.6,196890,0
2026-02-02T21:01:35.751348+00:00,25812,14,39.92,-15.8,-38.8,-1.7,250916,0
2026-02-02T21:02:35.755236+00:00,27835,14,40.407,-17.3,-39.7,-1.3,241991,0
2026-02-02T21:03:35.759263+00:00,29800,13,39.92,-13.4,-36.4,-1.4,234587,0
2026-02-02T21:04:35.763492+00:00,31791,13,39.92,-15.4,-38.2,-2.5,223775,0
2026-02-02T21:05:35.768999+00:00,33713,13,38.459,-20.7,-41.1,-9.2,210089,0
2026-02-02T21:06:35.772954+00:00,35512,12,39.433,-22.4,-41.7,-11.9,266182,0
2026-02-02T21:07:35.778216+00:00,37274,12,39.92,-22.6,-41.9,-13.9,193723,0
2026-02-02T21:08:35.782802+00:00,38807,11,39.433,-22.5,-42.2,-14.6,178155,0
2026-02-02T21:09:35.790310+00:00,40448,11,39.92,-21.2,-42.1,-11.5,175881,0
